來源網址,卡號,稀有度,卡片名稱,類型,等級,力量,Trigger,顏色,Cost,Soul,特徵,效果說明
https://yuyu-tei.jp/sell/ws/card/thp/10001,THP/S130-P01,PR,博麗霊夢(箔押し入り)   （ハクレイレイム）,キャラ,3,10000,1,赤色,2,2,"幻想郷, 博麗神社","【自】 このカードが手札から舞台に置かれた時、あなたは自分のクロックの上から1枚を、控え室に置いてよい。
【自】【CXコンボ】［(1) 手札を1枚控え室に置く］ このカードがアタックした時、CX置場に「霊符「夢想封印」」があり、他のあなたの《幻想郷》のキャラがいるなら、あなたはコストを払ってよい。そうしたら、そのターン中、このカードのソウルを＋1し、このカードは次の能力を得る。『【自】【ターン2】 このカードの与えたダメージがキャンセルされた時、あなたは相手に2ダメージを与えてよい。』（ダメージキャンセルは発生する）"
https://yuyu-tei.jp/sell/ws/card/thp/10002,THP/S130-P02,PR,人世を忍ぶ仮の化け姿 マミゾウ   （ジンセイヲシノブカリノバケスガタ マミゾウ）,キャラ,0,2000,0,赤色,0,1,"幻想郷, 人間の里","【自】 このカードがアタックした時、あなたは自分のキャラを1枚選び、そのターン中、パワーを＋1000。
（自身や味方のバトルをサポートして、相手のキャラを倒そう！）"
https://yuyu-tei.jp/sell/ws/card/thp/10003,THP/S130-P03,PR,願望成就の吸血鬼 フランドール   （ガンボウジョウジュノキュウケツキ フランドール）,キャラ,0,3000,0,赤色,0,1,"幻想郷, 紅魔館",（高いパワーを生かして相手のキャラにフロントアタックしよう！）
https://yuyu-tei.jp/sell/ws/card/thp/10004,THP/S130-P04,PR,事業繁盛の新聞記者 文   （ジギョウハンジョウノシンブンキシャ アヤ）,キャラ,2,2000,1,赤色,1,1,"幻想郷, 妖怪の山","【永】 他のあなたのキャラすべてに、パワーを＋1000。
（後列に置いてバトルをサポートしよう！）"
https://yuyu-tei.jp/sell/ws/card/thp/10005,THP/S130-P05,PR,一攫千金の魔法使い 魔理沙   （イッカクセンキンノマホウツカイ マリサ）,キャラ,3,11000,1,赤色,2,2,"幻想郷, 魔法の森","【自】【CXコンボ】 このカードがアタックした時、CX置場に「魔法の下準備」があるなら、あなたは相手に6ダメージを与えてよい。（ダメージキャンセルは発生する）
（このデッキの切り札！「魔法の下準備」と一緒にプレイできるよう準備しておこう！）"
https://yuyu-tei.jp/sell/ws/card/thp/10006,THP/S130-P06,PR,魔法の下準備   （マホウノシタジュンビ）,クライマックス,,,2,赤色,,,,"【永】 あなたのキャラすべてに、ソウルを＋2。
（トリガーチェックやダメージステップでこのカードがめくれるとラッキー！）"
https://yuyu-tei.jp/sell/ws/card/thp/10007,THP/S130-P07,PR,一家健康の吸血鬼 レミリア   （イッカケンコウノキュウケツキ レミリア）,キャラ,0,1000,0,青色,0,1,"幻想郷, 紅魔館","【永】 応援 このカードの前のあなたのキャラすべてに、パワーを＋500。
（後列に置いてバトルをサポートしよう！）
（このキャラを後列左の枠に置いたときの「前」は、前列左と前列中央の枠のキャラだ。後列右の枠に置いたときは逆になるぞ！）"
https://yuyu-tei.jp/sell/ws/card/thp/10008,THP/S130-P08,PR,幻想境界に棲む妖怪 紫   （ゲンソウキョウカイニスムヨウカイ ユカリ）,キャラ,0,1000,0,青色,0,1,"幻想郷, 境界","【自】【CXコンボ】［手札の《幻想郷》のキャラを1枚控え室に置く］ このカードが手札から舞台に置かれた時、あなたはコストを払ってよい。そうしたら、あなたは自分の山札を見て「開運招福の巫女 霊夢」か「博麗の巫女向け特訓メニュー」を1枚まで選んで相手に見せ、手札に加え、その山札をシャッフルする。
（手札に無い方を選んで、「開運招福の巫女 霊夢」の能力を発動できるようにしよう！）"
https://yuyu-tei.jp/sell/ws/card/thp/10009,THP/S130-P09,PR,巫女の留守を預かる仙人 華扇   （ミコノルスヲアズカルセンニン カセン）,キャラ,0,1000,0,青色,0,1,"幻想郷, 博麗神社","【起】【CXコンボ】 集中 ［(1) このカードを【レスト】する］ あなたは自分の山札の上から5枚をめくり、控え室に置く。それらのカードの「魔法の下準備」か「博麗の巫女向け特訓メニュー」1枚につき、あなたは1枚まで引く。
（手札を補充できるぞ。この能力は毎ターン積極的に使っていくのがオススメ！）"
https://yuyu-tei.jp/sell/ws/card/thp/10010,THP/S130-P10,PR,披露会の来賓 妖夢   （ヒロウカイノライヒン ヨウム）,キャラ,1,4000,0,青色,0,1,"幻想郷, 白玉楼","【自】 このカードが手札から舞台に置かれた時、あなたは自分のキャラを1枚選び、そのターン中、パワーを＋1500。
（自身や味方のバトルをサポートして、相手のキャラを倒そう！）"
https://yuyu-tei.jp/sell/ws/card/thp/10011,THP/S130-P11,PR,開運招福の巫女 霊夢   （カイウンショウフクノミコ レイム）,キャラ,1,5000,0,青色,0,1,"幻想郷, 博麗神社","【自】【CXコンボ】［あなたのCX置場の「博麗の巫女向け特訓メニュー」を1枚控え室に置く］ あなたのアンコールステップの始めに、このカードの正面のキャラが【リバース】しているなら、あなたはコストを払ってよい。そうしたら、あなたは自分の控え室の、「一攫千金の魔法使い 魔理沙」か「皮相浅薄な人間 早苗」を2枚まで選び、手札に戻す。
（「博麗の巫女向け特訓メニュー」と一緒にプレイして手札を増やそう！自分のレベルを見て、次のターンにプレイできそうなキャラを選ぶのがオススメ！）"
https://yuyu-tei.jp/sell/ws/card/thp/10012,THP/S130-P12,PR,皮相浅薄な人間 早苗   （ヒソウセンパクナニンゲン サナエ）,キャラ,2,9000,1,青色,1,1,"幻想郷, 守矢神社","【自】［(1) 手札を1枚控え室に置く］ このカードがアタックした時、あなたはコストを払ってよい。そうしたら、そのターン中、このカードのパワーを＋2000し、このカードは次の能力を得る。『【自】 このカードのバトル相手が【リバース】した時、あなたは相手に1ダメージを与えてよい。』（ダメージキャンセルは発生する）
（相手のキャラを倒して、どんどんダメージを与えよう！）"
https://yuyu-tei.jp/sell/ws/card/thp/10013,THP/S130-P13,PR,彷徨わない亡霊 幽々子   （サマヨワナイボウレイ ユユコ）,キャラ,3,10000,1,青色,2,2,"幻想郷, 白玉楼","【自】 このカードが手札から舞台に置かれた時、あなたは自分のクロックの上から1枚を、控え室に置いてよい。
（クロックを回復できるぞ。0枚だと影響が無いので注意！）"
https://yuyu-tei.jp/sell/ws/card/thp/10014,THP/S130-P14,PR,七色の人形遣い アリス   （ナナイロノニンギョウツカイ アリス）,キャラ,3,11000,1,青色,2,2,"幻想郷, 魔法の森","【自】【CXコンボ】 このカードが手札から舞台に置かれた時、あなたは自分の控え室の、「魔法の下準備」か「博麗の巫女向け特訓メニュー」を1枚選び、手札に戻してよい。
（「一攫千金の魔法使い 魔理沙」や「開運招福の巫女 霊夢」の能力を発動するためのCXを手札に戻すことができるぞ！）"
https://yuyu-tei.jp/sell/ws/card/thp/10015,THP/S130-P15,PR,白か黒か   （シロカクロカ）,イベント,2,,0,青色,1,,,"あなたは自分の控え室の、「一攫千金の魔法使い 魔理沙」か「七色の人形遣い アリス」か「皮相浅薄な人間 早苗」を2枚まで選び、手札に戻し、自分の手札を1枚選び、控え室に置く。
（自分のレベルを見て、このターンや次のターンにプレイできそうなキャラを手札に戻そう！）"
https://yuyu-tei.jp/sell/ws/card/thp/10016,THP/S130-P16,PR,博麗の巫女向け特訓メニュー   （ハクレイノミコムケトックンメニュー）,クライマックス,,,D,青色,,,,"【永】 あなたのキャラすべてに、パワーを＋1000し、ソウルを＋1。
（：このカードがトリガーした時、あなたは1枚引いてよい）
（トリガーチェックやダメージステップでこのカードがめくれるとラッキー！）"
https://yuyu-tei.jp/sell/ws/card/thp/10017,THP/S130-P17,PR,第二十三回博麗神社例大祭   （ダイニジュウサンカイハクレイジンジャレイタイサイ）,キャラ,0,3000,0,赤色,0,1,"幻想郷, 博麗神社",-
https://yuyu-tei.jp/sell/ws/card/thp/10018,THP/S130-P18,PR,宇佐見蓮子   （ウサミレンコ）,キャラ,1,2000,0,青色,0,1,秘封倶楽部,"【永】 すべての領域にあるこのカードは《幻想郷》を得る。
【起】［手札を1枚控え室に置き、このカードを控え室に置く］ あなたは自分の控え室のキャラを1枚選び、手札に戻す。
【起】［このカードを【レスト】する］ あなたは自分のキャラを1枚選び、次の相手のターンの終わりまで、パワーを＋1000。"
https://yuyu-tei.jp/sell/ws/card/thp/10019,THP/S130-P18S,PR,宇佐見蓮子(ホロ)   （ウサミレンコ）,キャラ,1,2000,0,青色,0,1,秘封倶楽部,"【永】 すべての領域にあるこのカードは《幻想郷》を得る。
【起】［手札を1枚控え室に置き、このカードを控え室に置く］ あなたは自分の控え室のキャラを1枚選び、手札に戻す。
【起】［このカードを【レスト】する］ あなたは自分のキャラを1枚選び、次の相手のターンの終わりまで、パワーを＋1000。"
https://yuyu-tei.jp/sell/ws/card/thp/10020,THP/S130-P19,PR,マエリベリー・ハーン   （マエリベリー・ハーン）,キャラ,0,2000,0,黄色,0,1,秘封倶楽部,"【永】 すべての領域にあるこのカードは《幻想郷》を得る。
【自】 このカードが手札から舞台に置かれた時、すべてのプレイヤーは次の行動を行う。『あなたの思い出が5枚以上なら、あなたは自分の思い出置場のカードを4枚選び、それらのカード以外の自分の思い出置場のカードすべてを、控え室に置く。』
【自】［手札を1枚クロック置場に置く］ このカードが手札から舞台に置かれた時、あなたはコストを払ってよい。そうしたら、あなたは自分の山札を上からＸ枚まで見て、カードを1枚まで選び、手札に加え、残りのカードを控え室に置く。Ｘは他のあなたの《幻想郷》のキャラの枚数に等しい。"
https://yuyu-tei.jp/sell/ws/card/thp/10021,THP/S130-P19S,PR,マエリベリー・ハーン(ホロ)   （マエリベリー・ハーン）,キャラ,0,2000,0,黄色,0,1,秘封倶楽部,"【永】 すべての領域にあるこのカードは《幻想郷》を得る。
【自】 このカードが手札から舞台に置かれた時、すべてのプレイヤーは次の行動を行う。『あなたの思い出が5枚以上なら、あなたは自分の思い出置場のカードを4枚選び、それらのカード以外の自分の思い出置場のカードすべてを、控え室に置く。』
【自】［手札を1枚クロック置場に置く］ このカードが手札から舞台に置かれた時、あなたはコストを払ってよい。そうしたら、あなたは自分の山札を上からＸ枚まで見て、カードを1枚まで選び、手札に加え、残りのカードを控え室に置く。Ｘは他のあなたの《幻想郷》のキャラの枚数に等しい。"
https://yuyu-tei.jp/sell/ws/card/thp/10022,THP/S130-P20,PR,夢と伝統を保守する巫女 靈夢   （ユメトデントウヲホシュスルミコ レイム）,キャラ,2,6500,1,赤色,1,1,博麗神社,"【永】 すべての領域にあるこのカードは《幻想郷》を得る。
【自】 このカードが手札から舞台に置かれた時、あなたは自分のキャラを1枚選び、そのターン中、次の能力を与える。『【永】 このカードのバトル中、相手は『助太刀』を手札からプレイできない。』
【起】［このカードを控え室に置く］ あなたは相手のキャラを1枚選び、手札に戻す。"
https://yuyu-tei.jp/sell/ws/card/thp/10023,THP/S130-P20S,PR,夢と伝統を保守する巫女 靈夢(ホロ)   （ユメトデントウヲホシュスルミコ レイム）,キャラ,2,6500,1,赤色,1,1,博麗神社,"【永】 すべての領域にあるこのカードは《幻想郷》を得る。
【自】 このカードが手札から舞台に置かれた時、あなたは自分のキャラを1枚選び、そのターン中、次の能力を与える。『【永】 このカードのバトル中、相手は『助太刀』を手札からプレイできない。』
【起】［このカードを控え室に置く］ あなたは相手のキャラを1枚選び、手札に戻す。"
https://yuyu-tei.jp/sell/ws/card/thp/10024,THP/S130-P21,PR,魔法と紅夢からなる存在 魔理沙   （マホウトコウムカラナルソンザイ マリサ）,キャラ,1,4000,1,赤色,1,1,魔法使い,"【永】 すべての領域にあるこのカードは《幻想郷》を得る。
【永】 あなたのレベルが3以上なら、このカードは次の能力を得る。『【起】［このカードを控え室に置く］ あなたは相手のキャラを1枚選び、【スタンド】して相手の舞台のキャラのいない他の枠に動かすか、他の相手のキャラを1枚選び、それぞれを【スタンド】して入れ替える。』
【自】 このカードが【リバース】した時、このカードのバトル相手のレベルが相手のレベルより高いなら、あなたはそのキャラを思い出にしてよい。"
https://yuyu-tei.jp/sell/ws/card/thp/10025,THP/S130-P21S,PR,魔法と紅夢からなる存在 魔理沙(ホロ)   （マホウトコウムカラナルソンザイ マリサ）,キャラ,1,4000,1,赤色,1,1,魔法使い,"【永】 すべての領域にあるこのカードは《幻想郷》を得る。
【永】 あなたのレベルが3以上なら、このカードは次の能力を得る。『【起】［このカードを控え室に置く］ あなたは相手のキャラを1枚選び、【スタンド】して相手の舞台のキャラのいない他の枠に動かすか、他の相手のキャラを1枚選び、それぞれを【スタンド】して入れ替える。』
【自】 このカードが【リバース】した時、このカードのバトル相手のレベルが相手のレベルより高いなら、あなたはそのキャラを思い出にしてよい。"
https://yuyu-tei.jp/sell/ws/card/thp/10026,THP/S130-P22,PR,久遠の夢に運命を任せる精神 魅魔   （クオンノユメニウンメイヲマカセルセイシン ミマ）,キャラ,0,1500,0,緑色,0,1,悪霊,"【永】 すべての領域にあるこのカードは《幻想郷》を得る。
【自】 このカードが手札から舞台に置かれた時、そのターン中、このカードのパワーを＋Ｘ。Ｘは相手のキャラの枚数×1000に等しい。
【自】 このカードが手札から舞台に置かれた時、あなたは相手のキャラを1枚選び、そのターン中、次の能力を与える。『【永】 このカードは手札に戻せず、思い出にできない。』"
https://yuyu-tei.jp/sell/ws/card/thp/10027,THP/S130-P22S,PR,久遠の夢に運命を任せる精神 魅魔(ホロ)   （クオンノユメニウンメイヲマカセルセイシン ミマ）,キャラ,0,1500,0,緑色,0,1,悪霊,"【永】 すべての領域にあるこのカードは《幻想郷》を得る。
【自】 このカードが手札から舞台に置かれた時、そのターン中、このカードのパワーを＋Ｘ。Ｘは相手のキャラの枚数×1000に等しい。
【自】 このカードが手札から舞台に置かれた時、あなたは相手のキャラを1枚選び、そのターン中、次の能力を与える。『【永】 このカードは手札に戻せず、思い出にできない。』"
https://yuyu-tei.jp/sell/ws/card/thp/10028,THP/S130-P23,PR,魔界の神 神綺   （マカイノカミ シンキ）,キャラ,1,1000,0,赤色,0,1,魔界,"【永】 すべての領域にあるこのカードは《幻想郷》を得る。
【自】 このカードが手札から舞台に置かれた時、あなたは自分の山札の上から1枚を公開する。そのカードが《幻想郷》のキャラかイベントなら、あなたは相手の前列のキャラを1枚選び、そのターン中、パワーを-4500。（公開したカードは元に戻す）"
https://yuyu-tei.jp/sell/ws/card/thp/10029,THP/S130-P23S,PR,魔界の神 神綺(ホロ)   （マカイノカミ シンキ）,キャラ,1,1000,0,赤色,0,1,魔界,"【永】 すべての領域にあるこのカードは《幻想郷》を得る。
【自】 このカードが手札から舞台に置かれた時、あなたは自分の山札の上から1枚を公開する。そのカードが《幻想郷》のキャラかイベントなら、あなたは相手の前列のキャラを1枚選び、そのターン中、パワーを-4500。（公開したカードは元に戻す）"
https://yuyu-tei.jp/sell/ws/card/thp/10030,THP/S130-P24,PR,ゆっくり霊夢   （ユックリレイム）,キャラ,0,5000,0,赤色,0,1,ゆっくり,"【永】 すべての領域にあるこのカードは《幻想郷》を得る。
【自】 このカードが手札から舞台に置かれた時、あなたは『ゆっくりしていってね！！！』と宣言してよい。
【自】 このカードが手札から舞台に置かれた時、あなたはすべてのプレイヤーのキャラすべてを、【レスト】する。"
https://yuyu-tei.jp/sell/ws/card/thp/10031,THP/S130-P24S,PR,ゆっくり霊夢(ホロ)   （ユックリレイム）,キャラ,0,5000,0,赤色,0,1,ゆっくり,"【永】 すべての領域にあるこのカードは《幻想郷》を得る。
【自】 このカードが手札から舞台に置かれた時、あなたは『ゆっくりしていってね！！！』と宣言してよい。
【自】 このカードが手札から舞台に置かれた時、あなたはすべてのプレイヤーのキャラすべてを、【レスト】する。"
https://yuyu-tei.jp/sell/ws/card/thp/10032,THP/S130-P25,PR,ゆっくり魔理沙   （ユックリマリサ）,キャラ,3,10500,1,黄色,2,2,ゆっくり,"【永】 すべての領域にあるこのカードは《幻想郷》を得る。
【自】 このカードが手札から舞台に置かれた時、あなたは『ゆっくりしていってね！！！』と宣言してよい。
【自】 このカードが手札から舞台に置かれた時、すべてのプレイヤーは自分のクロックの上から1枚を、控え室に置き、そのターン中、このカードのパワーを＋4000。"
https://yuyu-tei.jp/sell/ws/card/thp/10033,THP/S130-P25S,PR,ゆっくり魔理沙(ホロ)   （ユックリマリサ）,キャラ,3,10500,1,黄色,2,2,ゆっくり,"【永】 すべての領域にあるこのカードは《幻想郷》を得る。
【自】 このカードが手札から舞台に置かれた時、あなたは『ゆっくりしていってね！！！』と宣言してよい。
【自】 このカードが手札から舞台に置かれた時、すべてのプレイヤーは自分のクロックの上から1枚を、控え室に置き、そのターン中、このカードのパワーを＋4000。"
https://yuyu-tei.jp/sell/ws/card/thp/10034,THP/S130-P26,PR,ゆっくり？四季映姫   （ユックリ？シキエイキ）,キャラ,0,3000,0,緑色,0,1,ゆっくり,"【永】 すべての領域にあるこのカードは《幻想郷》を得る。
【自】 このカードが手札から舞台に置かれた時、あなたは『ゆっくりしていってね！！！』と宣言してよい。
【自】 このカードが手札から舞台に置かれた時、あなたは自分の山札の上から1枚を公開する。そのカードのレベルが1以上なら、そのターン中、このカードのパワーを＋3000。そうでないなら、そのターン中、このカードのパワーを-3000。（CXのレベルは0として扱う。公開したカードは元に戻す）"
https://yuyu-tei.jp/sell/ws/card/thp/10035,THP/S130-P26S,PR,ゆっくり？四季映姫(ホロ)   （ユックリ？シキエイキ）,キャラ,0,3000,0,緑色,0,1,ゆっくり,"【永】 すべての領域にあるこのカードは《幻想郷》を得る。
【自】 このカードが手札から舞台に置かれた時、あなたは『ゆっくりしていってね！！！』と宣言してよい。
【自】 このカードが手札から舞台に置かれた時、あなたは自分の山札の上から1枚を公開する。そのカードのレベルが1以上なら、そのターン中、このカードのパワーを＋3000。そうでないなら、そのターン中、このカードのパワーを-3000。（CXのレベルは0として扱う。公開したカードは元に戻す）"
https://yuyu-tei.jp/sell/ws/card/thp/10036,THP/S130-T01,TD,鈴仙・優曇華院・イナバ   （レイセン・ウドンゲイン・イナバ）,キャラ,0,500,0,黄色,0,1,"幻想郷, 永遠亭","【自】 このカードが手札から舞台に置かれた時、相手の前列のキャラが1枚以下なら、あなたは相手の前列のコスト0以下のキャラを1枚選び、控え室に置いてよい。
【起】 集中 ［(1) このカードを【レスト】する］ あなたは自分の山札の上から5枚をめくり、控え室に置く。それらのカードのCX1枚につき、あなたは1枚まで引く。"
https://yuyu-tei.jp/sell/ws/card/thp/10037,THP/S130-T02,TD,西行寺幽々子   （サイギョウジユユコ）,キャラ,0,1000,0,黄色,0,1,"幻想郷, 白玉楼","【自】 あなたのCXフェイズの始めに、あなたは自分の「魂魄妖夢」を1枚選び、そのターン中、パワーを＋3000し、ソウルを＋1し、次の能力を与える。『【自】［(1)］ このカードがアタックした時、あなたはコストを払ってよい。そうしたら、そのアタック中、あなたはトリガーステップにトリガーチェックを2回行う。』
【自】 絆／「魂魄妖夢」 ［手札を1枚控え室に置く］ （このカードが、手札から舞台またはプレイされて舞台に置かれた時、あなたはコストを払ってよい。そうしたら、あなたは自分の控え室の「魂魄妖夢」を1枚選び、手札に戻す）"
https://yuyu-tei.jp/sell/ws/card/thp/10038,THP/S130-T03,TD,東風谷早苗   （コチヤサナエ）,キャラ,0,1000,0,黄色,0,1,"幻想郷, 守矢神社","【永】 あなたのストックが3枚以下なら、このカードのパワーを＋2000。
【自】 相手のアタックフェイズの始めに、あなたはこのカードを前列のキャラのいない枠に動かしてよい。"
https://yuyu-tei.jp/sell/ws/card/thp/10039,THP/S130-T04,TD,古明地こいし   （コメイジコイシ）,キャラ,0,1500,0,黄色,0,1,"幻想郷, 地霊殿","【自】 このカードが手札から舞台に置かれた時、あなたは自分の《幻想郷》のキャラを1枚選び、そのターン中、パワーを＋1500。
【自】［(1) 手札のCXを1枚控え室に置く］ このカードが手札から舞台に置かれた時、あなたはコストを払ってよい。そうしたら、あなたは自分の控え室のCXを1枚選び、手札に戻す。"
https://yuyu-tei.jp/sell/ws/card/thp/10040,THP/S130-T05,TD,魂魄妖夢   （コンパクヨウム）,キャラ,0,3000,0,黄色,0,1,"幻想郷, 白玉楼",-
https://yuyu-tei.jp/sell/ws/card/thp/10041,THP/S130-T06,TD,霧雨魔理沙   （キリサメマリサ）,キャラ,1,2500,1,黄色,0,1,"幻想郷, 魔法の森","【永】 あなたのターン中、あなたのキャラすべてが《幻想郷》なら、このカードのパワーを＋4000。
【自】【CXコンボ】 このカードがアタックした時、CX置場に「恋符「マスタースパーク」」があり、他のあなたのキャラがいるなら、あなたは自分の山札を上から3枚まで公開し、《幻想郷》のキャラかイベントを1枚まで選び、手札に加え、残りのカードを山札の上に好きな順番で置く。この効果で公開されたカードにCXがあるなら、あなたは1枚引いてよい。そうしたら、あなたは自分の手札を1枚選び、控え室に置く。"
https://yuyu-tei.jp/sell/ws/card/thp/10042,THP/S130-T07,TD,古明地さとり   （コメイジサトリ）,キャラ,1,2500,1,黄色,0,1,"幻想郷, 地霊殿","【永】 あなたのターン中、このカードのパワーを＋3000。
【自】 このカードのバトル相手が【リバース】した時、あなたはそのキャラをストック置場に置いてよい。そうしたら、あなたは相手のストックの下から1枚を、控え室に置く。"
https://yuyu-tei.jp/sell/ws/card/thp/10043,THP/S130-T08,TD,日焼けしたチルノ   （ヒヤケシタチルノ）,キャラ,1,4000,0,黄色,0,1,"幻想郷, 霧の湖","【自】 このカードが手札から舞台に置かれた時、あなたは自分の《幻想郷》のキャラを1枚選び、そのターン中、パワーを＋1500。
【自】［(1) 他のあなたの舞台の《幻想郷》のキャラを1枚控え室に置く］ このカードが手札から舞台に置かれた時、あなたはコストを払ってよい。そうしたら、あなたは自分の控え室のキャラを1枚選び、手札に戻す。"
https://yuyu-tei.jp/sell/ws/card/thp/10044,THP/S130-T09,TD,アリス・マーガトロイド   （アリス・マーガトロイド）,キャラ,2,4000,1,黄色,1,1,"幻想郷, 魔法の森","【永】 応援 このカードの前のあなたのキャラすべてに、パワーを＋Ｘ。Ｘはそのキャラのレベル×500に等しい。
【自】 あなたのトリガーアイコンにがあるカードがトリガーした時、あなたは自分の《幻想郷》のキャラを1枚選び、そのターン中、パワーを＋2000。"
https://yuyu-tei.jp/sell/ws/card/thp/10045,THP/S130-T10,TD,藤原妹紅   （フジワラノモコウ）,キャラ,2,6000,1,黄色,1,1,"幻想郷, 迷いの竹林","【永】 あなたのキャラすべてが《幻想郷》なら、このカードのパワーを＋4000。
【自】 アンコール ［手札の《幻想郷》のキャラを1枚控え室に置く］ （このカードが舞台から控え室に置かれた時、あなたはコストを払ってよい。そうしたら、このカードがいた枠に【レスト】して置く）"
https://yuyu-tei.jp/sell/ws/card/thp/10046,THP/S130-T11,TD,恋符「マスタースパーク」   （コイフ「マスタースパーク」）,クライマックス,,,I,黄色,,,,"【永】 あなたのキャラすべてに、パワーを＋1000し、ソウルを＋1。
（：このカードがトリガーした時、あなたは自分の控え室のトリガーアイコンにがあるキャラを1枚選び、手札に戻すかストック置場に置いてよい）"
https://yuyu-tei.jp/sell/ws/card/thp/10047,THP/S130-T12,TD,比那名居天子   （ヒナナヰテンシ）,キャラ,0,500,0,赤色,0,1,"幻想郷, 天界","【永】 あなたのターン中、他のあなたの《幻想郷》のキャラすべてに、パワーを＋500。
【起】 集中 ［(1) このカードを【レスト】する］ あなたは自分の山札の上から5枚をめくり、控え室に置く。それらのカードのCX1枚につき、あなたは1枚まで引く。"
https://yuyu-tei.jp/sell/ws/card/thp/10048,THP/S130-T13,TD,レミリア・スカーレット   （レミリア・スカーレット）,キャラ,0,1000,0,赤色,0,1,"幻想郷, 紅魔館","【自】 このカードが手札から舞台に置かれた時、あなたは自分の山札を上から2枚まで見て、山札の上に好きな順番で置く。
【自】 このカードが【リバース】した時、このカードのバトル相手のレベルが0以下なら、あなたはそのキャラを【リバース】してよい。"
https://yuyu-tei.jp/sell/ws/card/thp/10049,THP/S130-T14,TD,秦こころ   （ハタノココロ）,キャラ,0,1500,0,赤色,0,1,"幻想郷, 面霊気","【永】 他のあなたの《幻想郷》のキャラすべてに、パワーを＋500。
【自】［(1) 手札を1枚控え室に置く］ このカードが手札から舞台に置かれた時、あなたはコストを払ってよい。そうしたら、あなたは自分の山札を見て《幻想郷》のキャラを1枚まで選んで相手に見せ、手札に加え、その山札をシャッフルする。"
https://yuyu-tei.jp/sell/ws/card/thp/10050,THP/S130-T15,TD,十六夜咲夜   （イザヨイサクヤ）,キャラ,0,2000,0,赤色,0,1,"幻想郷, 紅魔館","【自】 このカードが手札から舞台に置かれた時、そのターン中、このカードのパワーを＋1500。
【自】 このカードが舞台から控え室に置かれた時、あなたは自分の山札の上から3枚までを、公開してよい。1枚以上公開したなら、あなたはそれらのカードの《幻想郷》のキャラを1枚まで選び、手札に加え、残りのカードを控え室に置き、自分の手札を1枚選び、控え室に置く。"
https://yuyu-tei.jp/sell/ws/card/thp/10051,THP/S130-T16,TD,伊吹萃香   （イブキスイカ）,キャラ,1,2000,1,赤色,0,1,"幻想郷, 妖怪の山","【永】 このカードと同じカード名のカードは、デッキに好きな枚数入れることができる。
【永】 他のあなたの「伊吹萃香」1枚につき、このカードのパワーを＋2000。"
https://yuyu-tei.jp/sell/ws/card/thp/10052,THP/S130-T17,TD,射命丸文   （シャメイマルアヤ）,キャラ,2,2500,1,赤色,1,1,"幻想郷, 妖怪の山","【自】 あなたがこのカードの『助太刀』を使った時、あなたは自分のバトル中のキャラを1枚選び、そのターン中、次の能力を与える。『【自】 このカードのバトル相手が【リバース】した時、あなたはそのキャラを思い出にする。』
【起】【カウンター】 助太刀3000 レベル2 ［(1) 手札のこのカードを控え室に置く］ （あなたは自分のフロントアタックされているキャラを1枚選び、そのターン中、パワーを＋3000）"
https://yuyu-tei.jp/sell/ws/card/thp/10053,THP/S130-T18,TD,博麗霊夢   （ハクレイレイム）,キャラ,3,10000,1,赤色,2,2,"幻想郷, 博麗神社","【自】 このカードが手札から舞台に置かれた時、あなたは自分のクロックの上から1枚を、控え室に置いてよい。
【自】【CXコンボ】［(1) 手札を1枚控え室に置く］ このカードがアタックした時、CX置場に「霊符「夢想封印」」があり、他のあなたの《幻想郷》のキャラがいるなら、あなたはコストを払ってよい。そうしたら、そのターン中、このカードのソウルを＋1し、このカードは次の能力を得る。『【自】【ターン2】 このカードの与えたダメージがキャンセルされた時、あなたは相手に2ダメージを与えてよい。』（ダメージキャンセルは発生する）"
https://yuyu-tei.jp/sell/ws/card/thp/10054,THP/S130-T19,TD,フランドール・スカーレット   （フランドール・スカーレット）,キャラ,3,10000,1,赤色,2,2,"幻想郷, 紅魔館","【永】 あなたのキャラすべてが《幻想郷》なら、このカードは次の能力を得る。『【自】 このカードのバトル相手が【リバース】した時、あなたはそのキャラを山札の上に置いてよい。』
【自】 このカードが手札から舞台に置かれた時、あなたは自分の手札の自分のレベル以下のレベルのキャラを1枚まで選び、舞台の好きな枠に置き、そのターン中、このカードのパワーを＋2000。"
https://yuyu-tei.jp/sell/ws/card/thp/10055,THP/S130-T20,TD,八雲紫   （ヤクモユカリ）,キャラ,3,10000,1,赤色,2,2,"幻想郷, 境界","【自】［手札を1枚控え室に置く］ このカードが手札から舞台に置かれた時、あなたはコストを払ってよい。そうしたら、あなたは自分の山札を見て《幻想郷》のキャラを2枚まで選び、控え室に置き、その山札をシャッフルする。
【自】 このカードが手札から舞台に置かれたターン中、このカードがアタックした時、あなたは自分の山札の上から2枚を、控え室に置き、相手にＸダメージを与える。Ｘはそれらのカードのトリガーアイコンのの合計に等しい。（ダメージキャンセルは発生する）"
https://yuyu-tei.jp/sell/ws/card/thp/10056,THP/S130-T21,TD,博麗神社   （ハクレイジンジャ）,イベント,1,,0,赤色,1,,,あなたは自分の山札を見てCXを1枚まで選んで相手に見せ、手札に加え、その山札をシャッフルする。
https://yuyu-tei.jp/sell/ws/card/thp/10057,THP/S130-T22,TD,霊符「夢想封印」   （レイフ「ムソウフウイン」）,クライマックス,,,2,赤色,,,,【自】 このカードが手札からCX置場に置かれた時、あなたは自分の控え室のレベル1以下のキャラを1枚まで選び、ストック置場に置き、自分のキャラすべてに、そのターン中、ソウルを＋1。
https://yuyu-tei.jp/sell/ws/card/thp/10084,THP/S130-001,RR,メイガスナイト 魔理沙   （メイガスナイト マリサ）,キャラ,0,1000,0,黄色,0,1,"幻想郷, 魔法の森","【自】 このカードが手札から舞台に置かれた時、あなたは自分の山札の上から1枚を公開する。そのカードが《幻想郷》のキャラなら、そのターン中、このカードのパワーを＋2000。（公開したカードは元に戻す）
【自】［(1) あなたの山札の上から1枚をクロック置場に置く］ このカードが手札から舞台に置かれた時、あなたはコストを払ってよい。そうしたら、あなたは自分の山札を見てレベル1以下のキャラを1枚まで選んで相手に見せ、手札に加え、その山札をシャッフルする。この能力のコストでクロック置場に置かれたCXがあるなら、あなたは自分の山札の上から1枚を、ストック置場に置いてよい。"
https://yuyu-tei.jp/sell/ws/card/thp/10085,THP/S130-002,RR,蓬莱の人の形 妹紅   （ホウライノヒトノカタチ モコウ）,キャラ,3,8500,1,黄色,2,2,"幻想郷, 迷いの竹林","【永】 あなたの《幻想郷》のキャラが4枚以上なら、あなたの手札のこのカードのレベルを-1。
【自】 このカードが手札から舞台に置かれた時、他のあなたの《幻想郷》のキャラがいるなら、あなたは自分のクロックの上から1枚までを、控え室に置き、そのターン中、このカードのパワーを＋2000。
【自】 このカードが【リバース】した時、他のあなたの《幻想郷》のキャラが2枚以上なら、あなたは自分の山札の上から1枚を公開する。そのカードが《幻想郷》のキャラなら、あなたはこのカードを手札に戻してよい。（公開したカードは元に戻す）"
https://yuyu-tei.jp/sell/ws/card/thp/10086,THP/S130-003,RR,普通の魔法使い 魔理沙   （フツウノマホウツカイ マリサ）,キャラ,3,10000,1,黄色,2,1,"幻想郷, 魔法の森","【自】 このカードが手札から舞台に置かれた時、次の行動を2回行う。『［手札の《幻想郷》のキャラを1枚控え室に置く］ あなたはコストを払ってよい。そうしたら、あなたは1枚引く。』
【自】【CXコンボ】［(2) 手札を2枚控え室に置き、他のあなたの舞台の《幻想郷》のキャラを1枚控え室に置く］ このカードがアタックした時、CX置場に「「ブレイジングスター」」があり、他のあなたの《幻想郷》のキャラが2枚以上なら、あなたはコストを払ってよい。そうしたら、あなたは好きな数を宣言し、相手にＸダメージを2回与える。Ｘはあなたの宣言した数に等しい。（マイナスの数は宣言できない。ダメージキャンセルは発生する）"
https://yuyu-tei.jp/sell/ws/card/thp/10087,THP/S130-004,R,リモートサクリファイス アリス   （リモートサクリファイス アリス）,キャラ,0,500,0,黄色,0,1,"幻想郷, 魔法の森","【自】［このカードを手札に戻す］ あなたのトリガーアイコンがのCXがCX置場に置かれた時、あなたはコストを払ってよい。そうしたら、あなたは自分の山札を上から2枚まで見て、カードを2枚まで選び、山札の上に好きな順番で置き、残りのカードを控え室に置き、自分のキャラを1枚選び、そのターン中、パワーを＋1000。
【起】 集中 ［(1) このカードを【レスト】する］ あなたは自分の山札の上から4枚をめくり、控え室に置く。それらのカードのCX1枚につき、次の行動を行う。『あなたは自分の山札を上から3枚まで見て、カードを1枚まで選び、手札に加え、残りのカードを控え室に置く。』"
https://yuyu-tei.jp/sell/ws/card/thp/10088,THP/S130-005,R,知識と歴史の半獣 慧音   （チシキトレキシノハンジュウ ケイネ）,キャラ,0,1500,0,黄色,0,1,"幻想郷, 人間の里","【自】 このカードが手札から舞台に置かれた時、あなたは相手の後列の、レベルが相手のレベルより高いキャラを1枚選ぶ。そのキャラは次の相手のスタンドフェイズに【スタンド】しない。
【起】［手札を1枚控え室に置き、このカードを控え室に置く］ あなたは自分の控え室の《幻想郷》のキャラを1枚選び、手札に戻す。"
https://yuyu-tei.jp/sell/ws/card/thp/10089,THP/S130-006,R,聖徳道士 神子   （ショウトクドウシ ミコ）,キャラ,0,1500,0,黄色,0,1,"幻想郷, 聖人","【自】［手札を1枚クロック置場に置く］ このカードが手札から舞台に置かれた時、あなたはコストを払ってよい。そうしたら、あなたは自分の山札を上からＸ枚まで見て、カードを1枚まで選び、手札に加え、残りのカードを控え室に置く。Ｘは他のあなたの《幻想郷》のキャラの枚数に等しい。
【自】［(1) 手札を1枚控え室に置く］ このカードが手札から舞台に置かれた時、あなたはコストを払ってよい。そうしたら、あなたは相手のキャラを1枚選び、手札に戻す。"
https://yuyu-tei.jp/sell/ws/card/thp/10090,THP/S130-007,R,霧雨の魔法使い 魔理沙   （キリサメノマホウツカイ マリサ）,キャラ,0,2000,0,黄色,0,1,"幻想郷, 魔法の森","【永】 あなたのターン中、あなたのキャラすべてが《幻想郷》なら、このカードのパワーを＋2000。
【自】【CXコンボ】 あなたのアンコールステップの始めに、CX置場に「魔符「スターダストレヴァリエ」」があり、前列にこのカードがいて、あなたの手札が6枚以下で、他のあなたの《幻想郷》のキャラがいるなら、あなたは自分の山札の上から2枚を、控え室に置き、自分の控え室のレベルＸ以下の《幻想郷》のキャラを1枚まで選び、手札に戻す。Ｘはこの効果で控え室に置かれたカードのレベルの合計に等しい。（CXのレベルは0として扱う）"
https://yuyu-tei.jp/sell/ws/card/thp/10091,THP/S130-008,R,純狐   （ジュンコ）,キャラ,1,4500,0,黄色,0,1,"幻想郷, 神霊","【自】 このカードが手札から舞台に置かれた時、そのターン中、このカードのパワーを＋1500。
【自】 あなたのトリガーアイコンがのCXがCX置場に置かれた時、あなたは自分の山札を上から1枚見て、山札の上か控え室に置き、そのターン中、このカードは次の能力を得る。『【自】 このカードがアタックした時、あなたは自分の山札の上から1枚を公開する。そのカードのレベルが1以上ならストック置場に置く。』（CXのレベルは0として扱う。そうでないなら元に戻す）"
https://yuyu-tei.jp/sell/ws/card/thp/10092,THP/S130-009,R,月まで届け、不死の煙 妹紅   （ツキマデトドケ、フシノケムリ モコウ）,キャラ,2,5000,1,黄色,1,1,"幻想郷, 迷いの竹林","【永】 他のあなたの《幻想郷》のキャラすべてに、パワーを＋1000。
【自】 このカードが手札から舞台に置かれた時、他のあなたの《幻想郷》のキャラが4枚以上なら、あなたは自分の控え室の《幻想郷》のキャラを1枚選び、ストック置場に置いてよい。
【起】［このカードを【レスト】する］ あなたは自分の山札を上から2枚まで見て、山札の上に好きな順番で置く。"
https://yuyu-tei.jp/sell/ws/card/thp/10093,THP/S130-010,R,永遠と須臾の罪人 輝夜   （エイエントシュユノザイニン カグヤ）,キャラ,3,10000,1,黄色,2,2,"幻想郷, 永遠亭","【自】 このカードが手札から舞台に置かれた時、あなたは自分のクロックの上から1枚を、控え室に置いてよい。
【自】【CXコンボ】 このカードのアタックの終わりに、CX置場に「永夜符「蓬莱壺中の弾の枝」」があり、あなたの手札が6枚以下で、他のあなたの《幻想郷》のキャラがいるなら、次の相手のターンの終わりまで、このカードは次の2つの能力を得る。『【永】 このカードの正面のキャラのソウルを-2。』『【永】 このカードのバトル中、あなたは相手のキャラの【自】の効果によるダメージを受けない。』"
https://yuyu-tei.jp/sell/ws/card/thp/10094,THP/S130-011,U,ファイブシーズン パチュリー   （ファイブシーズン パチュリー）,キャラ,0,500,0,黄色,0,1,"幻想郷, 紅魔館",【自】［手札のトリガーアイコンがのCXを1枚控え室に置く］ このカードが手札から舞台に置かれた時、あなたはコストを払ってよい。そうしたら、あなたは自分の控え室のトリガーアイコンがのCXを1枚選び、手札に戻す。
https://yuyu-tei.jp/sell/ws/card/thp/10095,THP/S130-012,U,地上の兎 てゐ   （チジョウノウサギ テヰ）,キャラ,0,2000,0,黄色,0,1,"幻想郷, 永遠亭","【永】 あなたのターン中、このカードのパワーを＋1000。
【自】 このカードのバトル相手が【リバース】した時、あなたは他の自分の《幻想郷》のキャラを1枚選び、【レスト】し、後列のキャラのいない枠に動かす。"
https://yuyu-tei.jp/sell/ws/card/thp/10096,THP/S130-013,U,狂気の月の兎 鈴仙   （キョウキノツキノウサギ レイセン）,キャラ,1,3500,0,黄色,0,1,"幻想郷, 永遠亭","【永】 あなたのターン中、このカードのパワーを＋3000。
【自】【CXコンボ】 このカードがアタックした時、CX置場に「波符「赤眼催眠（マインドシェイカー）」」があり、他のあなたの《幻想郷》のキャラが2枚以上なら、次の相手のターンの終わりまで、このカードは次の2つの能力を得る。『【自】【ターン1】 このカードの与えたダメージがキャンセルされた時、あなたは相手のキャラを1枚選び、そのターン中、パワーを-2000。』『【自】 このカードがフロントアタックされた時、あなたはこのカードを手札に戻してよい。』"
https://yuyu-tei.jp/sell/ws/card/thp/10097,THP/S130-014,U,霧雨魔法店 魔理沙   （キリサメマホウテン マリサ）,キャラ,1,4000,0,黄色,0,1,"幻想郷, 魔法の森","【自】［(2)］ このカードが手札から舞台に置かれた時、あなたはコストを払ってよい。そうしたら、あなたは自分の山札を見て自分の控え室にあるCXと同じカード名のCXを1枚まで選んで相手に見せ、手札に加え、その山札をシャッフルする。
【自】 このカードがアタックした時、他のあなたの《幻想郷》のキャラがいるなら、そのターン中、このカードのパワーを＋1500。"
https://yuyu-tei.jp/sell/ws/card/thp/10098,THP/S130-015,U,焼死しない人間 妹紅   （ショウシシナイニンゲン モコウ）,キャラ,1,4000,0,黄色,0,1,"幻想郷, 迷いの竹林","【自】 他のあなたの《幻想郷》のキャラがアタックした時、そのターン中、このカードのパワーを＋Ｘ。Ｘは他のあなたの《幻想郷》のキャラの枚数×500に等しい。
【自】 アンコール ［あなたの山札の上から1枚をクロック置場に置くか手札のキャラを1枚控え室に置く］ （このカードが舞台から控え室に置かれた時、あなたはコストを払ってよい。そうしたら、このカードがいた枠に【レスト】して置く）"
https://yuyu-tei.jp/sell/ws/card/thp/10099,THP/S130-016,U,究極の絶対秘神 隠岐奈   （キュウキョクノゼッタイヒシン オキナ）,キャラ,1,4500,0,黄色,1,1,"幻想郷, 秘神","【永】 応援 このカードの前のあなたの《幻想郷》のキャラすべてに、パワーを＋Ｘ。Ｘはそのキャラのレベル×500に等しい。
【自】 あなたのトリガーアイコンがのCXがCX置場に置かれた時、他のあなたの「究極の絶対秘神 隠岐奈」がいないなら、あなたは自分のキャラを1枚選び、そのターン中、次の能力を与える。『【自】 このカードがアタックした時、あなたは自分の山札の上から1枚を公開する。そのカードが《幻想郷》のキャラならストック置場に置く。』（そうでないなら元に戻す）"
https://yuyu-tei.jp/sell/ws/card/thp/10100,THP/S130-017,U,超妖怪弾頭 にとり   （チョウヨウカイダントウ ニトリ）,キャラ,2,6000,1,黄色,0,1,"幻想郷, 妖怪の山","【永】 あなたのターン中、他のあなたの《幻想郷》のキャラが2枚以上なら、このカードのパワーを＋2000。
【自】 このカードがアタックした時、CX置場にトリガーアイコンがのCXがあり、他のあなたの《幻想郷》のキャラがいるなら、あなたは自分の山札の上から1枚を公開する。そのカードが《幻想郷》のキャラなら手札に加える。（そうでないなら元に戻す）"
https://yuyu-tei.jp/sell/ws/card/thp/10101,THP/S130-018,C,闇に蠢く光の蟲 リグル   （ヤミニウゴメクヒカリノムシ リグル）,キャラ,0,1000,0,黄色,0,1,"幻想郷, 蛍","【自】［(1) 手札を1枚控え室に置く］ このカードが手札から舞台に置かれた時、あなたはコストを払ってよい。そうしたら、あなたは自分の山札を見て《幻想郷》のキャラを1枚まで選んで相手に見せ、手札に加え、その山札をシャッフルする。
【自】 このカードが【リバース】した時、このカードのバトル相手のレベルが0以下なら、あなたはそのキャラをストック置場に置いてよい。そうしたら、あなたは相手のストックの下から1枚を、控え室に置く。"
https://yuyu-tei.jp/sell/ws/card/thp/10102,THP/S130-019,C,逆襲のあまのじゃく 正邪   （ギャクシュウノアマノジャク セイジャ）,キャラ,0,1000,0,黄色,0,1,"幻想郷, 天邪鬼","【自】［手札の《幻想郷》のキャラを1枚控え室に置く］ このカードが手札から舞台に置かれた時、他のあなたの《幻想郷》のキャラがいるなら、あなたはコストを払ってよい。そうしたら、あなたは相手のキャラを2枚選び、それぞれを【スタンド】して入れ替える。
【自】 このカードが【リバース】した時、このカードのバトル相手のレベルが0以下なら、あなたはそのキャラを【リバース】してよい。"
https://yuyu-tei.jp/sell/ws/card/thp/10103,THP/S130-020,C,月面思考で波長の合わない妖怪兎 鈴仙   （ゲツメンシコウデハチョウノアワナイヨウカイウサギ レイセン）,キャラ,1,3000,0,黄色,0,1,"幻想郷, 永遠亭","【自】 このカードが手札から舞台に置かれた時、他のあなたの《幻想郷》のキャラが2枚以上なら、あなたは相手のキャラを1枚選び、次の相手のターンの終わりまで、次の能力を与える。『【永】 このカードは手札に戻せず、他の枠に動かせず、思い出にできない。』
【自】 あなたのトリガーアイコンがのCXがCX置場に置かれた時、そのターン中、このカードのパワーを＋2500し、このカードは次の能力を得る。『【自】 このカードのバトル相手が【リバース】した時、あなたは相手のレベル1以上のキャラを1枚選んでよい。そうしたら、相手は自分の控え室のレベルＸ以下のキャラを1枚選び、入れ替える。Ｘはあなたが選んだキャラのレベル-1に等しい。』"
https://yuyu-tei.jp/sell/ws/card/thp/10104,THP/S130-021,C,ミスティア・ローレライ＆幽谷響子   （ミスティア・ローレライ＆カソダニキョウコ）,キャラ,1,4000,0,黄色,0,1,"幻想郷, 音楽","【永】 このカードは、色条件を満たさずに手札からプレイできる。
【永】 あなたのターン中、他のあなたの《幻想郷》のキャラが2枚以上なら、このカードのパワーを＋2000し、このカードは次の能力を得る。『【自】 このカードがアタックした時、このカードの正面のキャラのレベルが2なら、そのターン中、このカードのパワーを＋6000。』"
https://yuyu-tei.jp/sell/ws/card/thp/10105,THP/S130-022,C,愉快な忘れ傘 小傘   （ユカイナワスレガサ コガサ）,キャラ,1,1000,1,黄色,1,1,"幻想郷, 命蓮寺","【自】 あなたがこのカードの『助太刀』を使った時、あなたの《幻想郷》のキャラがいるなら、あなたは自分か相手の、山札の上から3枚を、控え室に置く。
【起】【カウンター】 助太刀2000 レベル1 ［(1) 手札のこのカードを控え室に置く］ （あなたは自分のフロントアタックされているキャラを1枚選び、そのターン中、パワーを＋2000）"
https://yuyu-tei.jp/sell/ws/card/thp/10106,THP/S130-023,C,月の頭脳 永琳   （ツキノズノウ エイリン）,キャラ,2,7000,1,黄色,1,1,"幻想郷, 永遠亭","【永】 あなたの《幻想郷》のキャラが4枚以上なら、あなたの手札のこのカードのレベルを-1。
【永】 あなたのターン中、他のあなたの《幻想郷》のキャラ1枚につき、このカードのパワーを＋1000。
【自】【CXコンボ】 あなたのCX置場に「永夜符「蓬莱壺中の弾の枝」」が置かれた時、前列にこのカードがいて、他のあなたの《幻想郷》のキャラがいるなら、あなたは相手のキャラを2枚選び、それぞれを【スタンド】して入れ替え、相手のキャラを1枚選び、次の相手のターンの終わりまで、次の能力を与える。『【永】 このカードは他の枠に動かせない。』"
https://yuyu-tei.jp/sell/ws/card/thp/10107,THP/S130-024,U,蓮台野夜行   （レンダイノヤコウ）,イベント,2,,0,黄色,1,,,"このカードは、あなたの《幻想郷》のキャラが1枚以下なら、手札からプレイできない。
すべてのプレイヤーのキャラすべてに、そのターン中、《幻想郷》を与える。
あなたは相手の前列のキャラを2枚まで選び、手札に戻す。"
https://yuyu-tei.jp/sell/ws/card/thp/10108,THP/S130-025,CR,「ブレイジングスター」   （「ブレイジングスター」）,クライマックス,,,I,黄色,,,,"【永】 あなたのキャラすべてに、パワーを＋1000し、ソウルを＋1。
（：このカードがトリガーした時、あなたは自分の控え室のトリガーアイコンにがあるキャラを1枚選び、手札に戻すかストック置場に置いてよい）"
https://yuyu-tei.jp/sell/ws/card/thp/10109,THP/S130-026,CR,魔符「スターダストレヴァリエ」   （マフ「スターダストレヴァリエ」）,クライマックス,,,I,黄色,,,,"【永】 あなたのキャラすべてに、パワーを＋1000し、ソウルを＋1。
（：このカードがトリガーした時、あなたは自分の控え室のトリガーアイコンにがあるキャラを1枚選び、手札に戻すかストック置場に置いてよい）"
https://yuyu-tei.jp/sell/ws/card/thp/10110,THP/S130-027,CR,永夜符「蓬莱壺中の弾の枝」   （エイヤフ「ホウライコチュウノタマノエダ」）,クライマックス,,,1A,黄色,,,,"【永】 あなたのキャラすべてに、パワーを＋1000し、ソウルを＋1。
（：このカードがトリガーした時、あなたは相手のキャラを1枚選び、手札に戻してよい）"
https://yuyu-tei.jp/sell/ws/card/thp/10111,THP/S130-028,CR,波符「赤眼催眠（マインドシェイカー）」   （ナミフ「マインドシェイカー」）,クライマックス,,,1A,黄色,,,,"【永】 あなたのキャラすべてに、パワーを＋1000し、ソウルを＋1。
（：このカードがトリガーした時、あなたは相手のキャラを1枚選び、手札に戻してよい）"
https://yuyu-tei.jp/sell/ws/card/thp/10112,THP/S130-029,RR,本怖！貴方の後ろにいるよ こいし   （ホンコワ！アナタノウシロニイルヨ コイシ）,キャラ,0,500,0,緑色,0,1,"幻想郷, 地霊殿","【永】 このカードは相手の効果に選ばれない。
【自】 あなたのアタックフェイズの始めに、あなたは自分の山札の上から1枚を公開する。そのカードが《幻想郷》のキャラなら、あなたは自分のキャラを1枚選び、そのターン中、パワーを＋1000。（公開したカードは元に戻す）
【起】 集中 ［(1) このカードを【レスト】する］ あなたは自分の山札の上から4枚をめくり、控え室に置く。それらのカードのCX1枚につき、あなたは自分の控え室のキャラを1枚まで選び、手札に戻す。"
https://yuyu-tei.jp/sell/ws/card/thp/10113,THP/S130-030,RR,怨霊も恐れ怯む少女 さとり   （オンリョウモオソレヒルムショウジョ サトリ）,キャラ,1,4500,0,緑色,0,1,"幻想郷, 地霊殿","【自】 このカードがアタックした時、CX置場にトリガーアイコンがのCXがあり、他のあなたの《幻想郷》のキャラがいるなら、あなたは自分の山札を上から2枚まで見て、山札の上に好きな順番で置き、そのターン中、このカードのパワーを＋2000。
【自】【CXコンボ】［手札を1枚控え室に置く］ このカードのアタックの終わりに、CX置場に「想起「テリブルスーヴニール」」があり、他のあなたの《幻想郷》のキャラがいるなら、あなたはコストを払ってよい。そうしたら、あなたは自分の山札を上から4枚まで見て、《幻想郷》のキャラを2枚まで選んで相手に見せ、手札に加え、残りのカードを控え室に置く。"
https://yuyu-tei.jp/sell/ws/card/thp/10114,THP/S130-031,R,地獄の輪禍 燐   （ジゴクノリンカ リン）,キャラ,0,500,0,緑色,0,1,"幻想郷, 地霊殿","【自】［(1) 手札を1枚控え室に置く］ このカードが手札から舞台に置かれた時か舞台から控え室に置かれた時、あなたはコストを払ってよい。そうしたら、あなたは自分の控え室のキャラを1枚選び、手札に戻す。
【自】 このカードが【リバース】した時、このカードのバトル相手のレベルが0以下なら、あなたは相手のクロックの上から1枚を、控え室に置いてよい。そうしたら、あなたはそのキャラをクロック置場に置く。"
https://yuyu-tei.jp/sell/ws/card/thp/10115,THP/S130-032,R,三途の水先案内人 小町   （サンズノミズサキアンナイニン コマチ）,キャラ,0,1500,0,緑色,0,1,"幻想郷, 三途の川","【自】 このカードが手札から舞台に置かれた時、あなたは他の自分のキャラを1枚選び、ストック置場に置いてよい。
【起】［このカードを控え室に置く］ あなたは自分の《幻想郷》のキャラを1枚選び、そのターン中、ソウルを＋1。"
https://yuyu-tei.jp/sell/ws/card/thp/10116,THP/S130-033,R,四季のフラワーマスター 幽香   （シキノフラワーマスター ユウカ）,キャラ,0,2000,0,緑色,0,1,"幻想郷, 太陽の畑",【自】［(1) あなたの山札の上から1枚をクロック置場に置く］ このカードが舞台から控え室に置かれた時、あなたはコストを払ってよい。そうしたら、あなたは自分の山札を上から2枚まで見て、《幻想郷》のキャラを2枚まで選んで相手に見せ、手札に加え、残りのカードを控え室に置く。
https://yuyu-tei.jp/sell/ws/card/thp/10117,THP/S130-034,R,楽園の最高裁判長 四季映姫   （ラクエンノサイコウサイバンチョウ シキエイキ）,キャラ,1,1500,0,緑色,0,1,"幻想郷, 彼岸","【自】［手札のCXを1枚控え室に置く］ このカードが手札から舞台に置かれた時か舞台から控え室に置かれた時、あなたはコストを払ってよい。そうしたら、あなたは自分の控え室の《幻想郷》のキャラを1枚選び、手札に戻す。
【自】 このカードが【リバース】した時、このカードのバトル相手のコストが0以下なら、あなたは相手のクロックの上から1枚を、控え室に置いてよい。そうしたら、あなたはそのキャラをクロック置場に置く。"
https://yuyu-tei.jp/sell/ws/card/thp/10118,THP/S130-035,R,地殻の下の嫉妬心 パルスィ   （チカクノシタノシットシン パルスィ）,キャラ,1,2000,1,緑色,1,1,"幻想郷, 旧地獄","【自】 このカードが【リバース】した時、このカードのバトル相手のレベルが相手のレベルより高いなら、あなたは相手のクロックの上から1枚を、控え室に置いてよい。そうしたら、あなたはそのキャラをクロック置場に置く。
【起】［このカードを山札の下に置く］ あなたは相手のキャラを1枚選び、手札に戻す。"
https://yuyu-tei.jp/sell/ws/card/thp/10119,THP/S130-036,R,祀られる風の人間 早苗   （マツラレルカゼノニンゲン サナエ）,キャラ,2,1000,0,緑色,1,1,"幻想郷, 守矢神社","【永】 応援 このカードの前のあなたのキャラすべてに、パワーを＋1000。
【自】［手札のCXを1枚控え室に置く］ 相手のアタックフェイズの始めに、あなたはコストを払ってよい。そうしたら、あなたは相手のキャラを1枚選び、そのターン中、ソウルを＋4。
【起】［(1) このカードを控え室に置く］ あなたのレベルが3以上なら、あなたは自分の控え室の「信仰は儚き人間の為に 早苗」を1枚選び、このカードがいた枠に置く。"
https://yuyu-tei.jp/sell/ws/card/thp/10120,THP/S130-037,R,里に最も近い天狗 文   （サトニモットモチカイテング アヤ）,キャラ,3,9000,1,緑色,2,2,"幻想郷, 妖怪の山","【永】 あなたか相手の、控え室のCXが2枚以下なら、あなたの手札のこのカードのレベルを-1。
【自】 このカードが手札から舞台に置かれた時、そのターン中、このカードのパワーを＋1500し、あなたは1枚まで引くか相手のキャラを1枚まで選び、手札に戻す。
【自】【クロック】 アラーム ［(1) 手札を1枚控え室に置く］ このカードがクロックの1番上にあるなら、あなたのCXフェイズの始めに、あなたはコストを払ってよい。そうしたら、あなたは相手のキャラを1枚選び、手札に戻す。"
https://yuyu-tei.jp/sell/ws/card/thp/10121,THP/S130-038,R,ハルトマンの妖怪少女 こいし   （ハルトマンノヨウカイショウジョ コイシ）,キャラ,3,10000,1,緑色,2,2,"幻想郷, 地霊殿","【自】 このカードが手札から舞台に置かれた時、あなたは自分のクロックの上から1枚を、控え室に置いてよい。
【自】【CXコンボ】［(1) 手札を1枚控え室に置く］ このカードがアタックした時、CX置場に「「サブタレイニアンローズ」」があり、他のあなたの《幻想郷》のキャラが4枚以上なら、あなたはコストを払ってよい。そうしたら、相手に4ダメージを与え、そのターン中、このカードは次の能力を得る。『【永】 このカードのバトル中、相手はイベントと『助太刀』を手札からプレイできない。』（ダメージキャンセルは発生する）"
https://yuyu-tei.jp/sell/ws/card/thp/10122,THP/S130-039,U,少女さとり　ー 3rd eye さとり   （ショウジョサトリ　～ 3rd eye サトリ）,キャラ,0,1500,0,緑色,0,1,"幻想郷, 地霊殿","【自】 このカードが手札から舞台に置かれた時、あなたは相手のキャラを1枚まで選び、思い出にし、相手は自分の思い出置場のそのキャラを、舞台の好きな枠に置く。
【起】［(1) このカードを控え室に置く］ あなたは自分の山札を上から4枚まで見て、《幻想郷》のキャラを1枚まで選んで相手に見せ、手札に加え、残りのカードを控え室に置く。"
https://yuyu-tei.jp/sell/ws/card/thp/10123,THP/S130-040,U,土着神の頂点 諏訪子   （ドチャクシンノチョウテン スワコ）,キャラ,1,2500,0,緑色,0,1,"幻想郷, 守矢神社","【自】 あなたのCXフェイズの始めに、あなたは自分の《幻想郷》のキャラを1枚選び、そのターン中、パワーを＋1000。
【起】［(1) このカードを控え室に置く］ あなたのレベルが2以上なら、あなたは自分の控え室の「祀られる風の人間 早苗」を1枚選び、このカードがいた枠に置く。
【起】 集中 ［(1) このカードを【レスト】する］ あなたは自分の山札の上から4枚をめくり、控え室に置く。それらのカードのCX1枚につき、あなたは自分の山札を見て《幻想郷》のキャラを1枚まで選んで相手に見せ、手札に加え、その山札をシャッフルする。"
https://yuyu-tei.jp/sell/ws/card/thp/10124,THP/S130-041,U,信仰は儚き人間の為に 早苗   （シンコウハハカナキニンゲンノタメニ サナエ）,キャラ,3,9000,1,緑色,2,2,"幻想郷, 守矢神社","【自】 このカードが手札から舞台に置かれた時か「祀られる風の人間 早苗」の【起】の効果で舞台に置かれた時、あなたは自分のクロックの上から1枚までを、控え室に置き、そのターン中、このカードのパワーを＋1500。
【自】［手札の《幻想郷》のキャラを1枚控え室に置く］ このカードの正面のキャラがアタックした時、他のあなたの《幻想郷》のキャラがいるなら、あなたはコストを払ってよい。そうしたら、あなたは自分の山札を上から2枚まで見て、2枚まで選び、控え室に置き、残りのカードを山札の上に好きな順番で置く。"
https://yuyu-tei.jp/sell/ws/card/thp/10125,THP/S130-042,C,山坂と湖の権化 神奈子   （ヤマサカトミズウミノゴンゲ カナコ）,キャラ,0,1000,0,緑色,0,1,"幻想郷, 守矢神社","【永】 他のあなたの《幻想郷》のキャラすべてに、パワーを＋500。
【起】［このカードを控え室に置く］ あなたのレベルが1以上なら、あなたは自分の控え室の「土着神の頂点 諏訪子」を1枚選び、このカードがいた枠に置く。"
https://yuyu-tei.jp/sell/ws/card/thp/10126,THP/S130-043,C,恐るべき井戸の怪 キスメ   （オソルベキイドノカイ キスメ）,キャラ,0,1000,0,緑色,0,1,"幻想郷, 釣瓶落とし","【自】 あなたのCXフェイズの始めに、あなたは自分の「暗い洞窟の明るい網 ヤマメ」を1枚選び、そのターン中、パワーを＋3000し、ソウルを＋1し、次の能力を与える。『【自】 このカードがアタックした時、あなたは自分の山札を上から2枚まで見て、カードを1枚選び、山札の上に置き、残りのカードを控え室に置く。』
【起】［(1) このカードを【レスト】する］ あなたは自分の控え室の「暗い洞窟の明るい網 ヤマメ」を1枚選び、舞台の好きな枠に置く。"
https://yuyu-tei.jp/sell/ws/card/thp/10127,THP/S130-044,C,下っ端哨戒天狗 椛   （シタッパショウカイテング モミジ）,キャラ,0,1500,0,緑色,0,1,"幻想郷, 妖怪の山","【自】 このカードがアタックした時、あなたは自分の山札を下から1枚見て、相手の山札を下から1枚見る。（見たカードは元に戻す）
【自】 このカードがアタックした時、そのターン中、このカードのパワーを＋Ｘ。Ｘは他のあなたの《幻想郷》のキャラの枚数×1000に等しい。"
https://yuyu-tei.jp/sell/ws/card/thp/10128,THP/S130-045,C,暗い洞窟の明るい網 ヤマメ   （クライドウクツノアカルイアミ ヤマメ）,キャラ,0,3000,0,緑色,0,1,"幻想郷, 暗闇の風穴",-
https://yuyu-tei.jp/sell/ws/card/thp/10129,THP/S130-046,C,今どきの念写記者 はたて   （イマドキノネンシャキシャ ハタテ）,キャラ,0,4000,0,緑色,0,1,"幻想郷, 妖怪の山",【永】 相手のキャラすべてに、『【自】 アンコール ［(2)］』を与える。
https://yuyu-tei.jp/sell/ws/card/thp/10130,THP/S130-047,C,秘神流し雛 雛   （ヒシンナガシビナ ヒナ）,キャラ,1,2500,0,緑色,0,1,"幻想郷, 流し雛",【起】【カウンター】 助太刀Ｘ レベル1 ［手札のこのカードを控え室に置く］ Ｘはあなたの《幻想郷》のキャラの枚数×500に等しい。（あなたは自分のフロントアタックされているキャラを1枚選び、そのターン中、パワーを＋Ｘ）
https://yuyu-tei.jp/sell/ws/card/thp/10131,THP/S130-048,C,伝統の幻想ブン屋 文   （デントウノゲンソウブンヤ アヤ）,キャラ,1,3500,0,緑色,0,1,"幻想郷, 妖怪の山","【永】 あなたのターン中、他のあなたのレベル0以下のキャラすべてに、パワーを＋2000。
【自】【CXコンボ】［(1)］ あなたのCX置場に「疾風「風神少女」」が置かれた時、他のあなたの《幻想郷》のキャラがいるなら、あなたはコストを払ってよい。そうしたら、あなたは自分の控え室のレベル0以下の《幻想郷》のキャラを2枚まで選び、舞台の別々の枠に置く。"
https://yuyu-tei.jp/sell/ws/card/thp/10132,THP/S130-049,C,語られる怪力乱神 勇儀   （カタラレルカイリョクランシン ユウギ）,キャラ,1,4500,0,緑色,0,1,"幻想郷, 旧地獄","【自】 このカードが手札から舞台に置かれた時、あなたは自分の山札の上から3枚を、控え室に置いてよい。
【起】［(1) このカードを控え室に置く］ あなたは自分の控え室の「伊吹萃香」を2枚まで選び、舞台の別々の枠に置く。"
https://yuyu-tei.jp/sell/ws/card/thp/10133,THP/S130-050,C,閉じた恋の瞳 こいし   （トジタコイノヒトミ コイシ）,キャラ,1,4000,1,緑色,1,1,"幻想郷, 地霊殿","【永】 あなたのターン中、あなたのキャラすべてが《幻想郷》なら、このカードのパワーを＋5000し、このカードは次の能力を得る。『【永】 このカードのバトル中、相手はイベントと『助太刀』を手札からプレイできない。』
【自】 アンコール ［手札の緑のカードを1枚控え室に置く］ （このカードが舞台から控え室に置かれた時、あなたはコストを払ってよい。そうしたら、このカードがいた枠に【レスト】して置く）"
https://yuyu-tei.jp/sell/ws/card/thp/10134,THP/S130-051,C,小さなスイートポイズン メディスン   （チイサナスイートポイズン メディスン）,キャラ,2,3000,1,緑色,1,1,"幻想郷, 無名の丘","【永】 あなたのターン中、他のあなたの《幻想郷》のキャラが2枚以上なら、このカードのパワーを＋6000。
【自】 このカードがアタックした時、あなたは自分の山札の上から1枚を公開する。そのカードが《幻想郷》のキャラなら、相手の前列のキャラすべてに、そのターン中、パワーを-2500。（公開したカードは元に戻す）"
https://yuyu-tei.jp/sell/ws/card/thp/10135,THP/S130-052,C,みんなの心の病み さとり   （ミンナノココロノヤミ サトリ）,キャラ,2,5500,1,緑色,1,1,"幻想郷, 地霊殿",【自】 このカードが手札から舞台に置かれた時、あなたは相手の手札をランダムに1枚選んで公開し、思い出にし、次の相手のターンの終わりに、相手はそのカードを手札に戻す。
https://yuyu-tei.jp/sell/ws/card/thp/10136,THP/S130-053,C,秋穣子＆秋静葉   （アキミノリコ＆アキシズハ）,キャラ,2,7500,1,緑色,1,1,"幻想郷, 秋",【自】 このカードが手札から舞台に置かれた時、あなたは自分のキャラを2枚まで選び、そのターン中、次の能力を与える。『【自】 このカードがアタックした時、他のあなたの《幻想郷》のキャラがいて、このカードの正面のキャラのレベルが3以上なら、そのターン中、このカードのパワーを＋4500。』
https://yuyu-tei.jp/sell/ws/card/thp/10137,THP/S130-054,C,熱かい悩む神の火 空   （アツカイナヤムカミノヒ ウツホ）,キャラ,3,8500,1,緑色,2,2,"幻想郷, 地霊殿","【自】 このカードが手札から舞台に置かれた時、あなたは自分の《幻想郷》のキャラを2枚まで選び、そのターン中、パワーを＋1500。
【自】［(2) 手札を1枚控え室に置く］ このカードが手札から舞台に置かれたターン中、このカードがアタックした時、あなたはコストを払ってよい。そうしたら、相手に4ダメージを与える。（ダメージキャンセルは発生する）"
https://yuyu-tei.jp/sell/ws/card/thp/10138,THP/S130-055,U,空白のカード   （クウハクノカード）,イベント,1,,0,緑色,1,,,"【カウンター】 このカードは、あなたの《幻想郷》のキャラが2枚以下なら、手札からプレイできない。このカードは、色条件を満たさずに手札からプレイできる。
［あなたの【スタンド】しているキャラを1枚【レスト】する］ あなたはコストを払ってよい。そうしたら、あなたは自分の手札すべてを、控え室に置き、Ｘ枚引く。Ｘはこの効果で控え室に置かれたカードの枚数＋1に等しい。
あなたは自分のキャラを1枚選び、そのターンの次のターンの終わりまで、次の能力を与える。『【永】 あなたの手札の枚数上限を＋1。』"
https://yuyu-tei.jp/sell/ws/card/thp/10139,THP/S130-056,CR,想起「テリブルスーヴニール」   （ソウキ「テリブルスーヴニール」）,クライマックス,,,F,緑色,,,,"【永】 あなたのキャラすべてに、パワーを＋1000し、ソウルを＋1。
（：このカードがトリガーした時、あなたはこのカードを手札に戻す。あなたは自分の山札の上から1枚を、ストック置場に置いてよい）"
https://yuyu-tei.jp/sell/ws/card/thp/10140,THP/S130-057,CR,「サブタレイニアンローズ」   （「サブタレイニアンローズ」）,クライマックス,,,F,緑色,,,,"【永】 あなたのキャラすべてに、パワーを＋1000し、ソウルを＋1。
（：このカードがトリガーした時、あなたはこのカードを手札に戻す。あなたは自分の山札の上から1枚を、ストック置場に置いてよい）"
https://yuyu-tei.jp/sell/ws/card/thp/10141,THP/S130-058,CR,疾風「風神少女」   （シップウ「フウジンショウジョ」）,クライマックス,,,2,緑色,,,,【自】 このカードが手札からCX置場に置かれた時、あなたは自分の控え室のレベル1以下のキャラを1枚まで選び、ストック置場に置き、自分のキャラすべてに、そのターン中、ソウルを＋1。
https://yuyu-tei.jp/sell/ws/card/thp/10142,THP/S130-059,RR,紅魔館のメイド 咲夜   （コウマカンノメイド サクヤ）,キャラ,0,1500,0,赤色,0,1,"幻想郷, 紅魔館","【自】 このカードが手札から舞台に置かれた時、あなたは自分のキャラを1枚選び、そのターン中、パワーを＋1000。
【自】 このカードが舞台から控え室に置かれた時、あなたは自分の山札を上から3枚まで見て、CXを1枚まで選んで相手に見せ、手札に加え、残りのカードを控え室に置く。手札に加えたなら、あなたは自分の手札を1枚選び、控え室に置く。"
https://yuyu-tei.jp/sell/ws/card/thp/10143,THP/S130-060,RR,悪魔の妹 フランドール   （アクマノイモウト フランドール）,キャラ,0,1500,0,赤色,0,1,"幻想郷, 紅魔館","【永】 あなたのキャラすべてが《幻想郷》なら、このカードのパワーを＋1500。
【自】 あなたのCXフェイズの始めに、次の相手のターンの終わりまで、このカードは次の2つの能力のうちあなたが選んだ1つを得る。『【自】 相手のアタックフェイズの始めに、あなたはこのカードを、前列のキャラのいない枠で、正面に相手のキャラがいる枠に動かしてよい。』『【自】［(1) このカードを控え室に置く］ 他のあなたの《幻想郷》のキャラがフロントアタックされた時、あなたはコストを払ってよい。そうしたら、そのキャラを手札に戻す。』"
https://yuyu-tei.jp/sell/ws/card/thp/10144,THP/S130-061,RR,快晴の巫女 霊夢   （カイセイノミコ レイム）,キャラ,1,3500,0,赤色,0,1,"幻想郷, 博麗神社","【永】 あなたのターン中、あなたのキャラすべてが《幻想郷》なら、このカードのパワーを＋4000。
【自】【CXコンボ】 このカードのアタックの終わりに、CX置場に「夢符「封魔陣」」があるなら、あなたは自分の山札の上から1枚を公開し、自分の控え室のレベルＸ以下の《幻想郷》のキャラを1枚まで選び、手札に戻すかストック置場に置き、公開したカードが「少女綺想曲　ー Dream Battle 霊夢」かレベル1以上のカードなら、次の相手のターンの終わりまで、このカードは次の能力を得る。『【自】 このカードがフロントアタックされた時、あなたはこのカードを手札に戻してよい。』Ｘは公開されたカードのレベルに等しい。（CXのレベルは0として扱う。公開したカードは元に戻す）"
https://yuyu-tei.jp/sell/ws/card/thp/10145,THP/S130-062,RR,永遠に紅い幼き月 レミリア   （エイエンニアカイオサナキツキ レミリア）,キャラ,3,10000,1,赤色,2,2,"幻想郷, 紅魔館","【自】 このカードが手札から舞台に置かれた時、あなたは自分のクロックの上から1枚を、控え室に置いてよい。
【自】【CXコンボ】 このカードがアタックした時、CX置場に「「紅色の幻想郷」」があり、他のあなたの《幻想郷》のキャラが2枚以上なら、あなたは相手の山札を上から2枚まで見て、カードを2枚まで選び、山札の上に好きな順番で置き、残りのカードを控え室に置き、そのターン中、このカードは次の能力を得る。『【自】［(3) 手札を1枚控え室に置き、あなたのCX置場のCXを1枚控え室に置く］ このカードのアタックの終わりに、あなたはコストを払ってよい。そうしたら、相手に1ダメージを2回与える。』（ダメージキャンセルは発生する）"
https://yuyu-tei.jp/sell/ws/card/thp/10146,THP/S130-063,RR,楽園の素敵な巫女 霊夢   （ラクエンノステキナミコ レイム）,キャラ,3,11000,1,赤色,2,2,"幻想郷, 博麗神社",【自】【CXコンボ】 あなたのアタックフェイズの始めに、CX置場に「「夢想天生」」があり、他のあなたの「少女綺想曲　ー Dream Battle 霊夢」がいて、他のあなたの前列のキャラがいないなら、そのターン中、このカードは次の能力を得る。『【自】［(4) 手札の「楽園の素敵な巫女 霊夢」を1枚控え室に置き、手札を4枚控え室に置く］ このカードのアタックの終わりに、あなたはコストを払ってよい。そうしたら、相手に1ダメージを2回、2ダメージを2回、3ダメージを2回、4ダメージを順番に与える。』（ダメージキャンセルは発生する）
https://yuyu-tei.jp/sell/ws/card/thp/10147,THP/S130-064,R,少女綺想曲　ー Dream Battle 霊夢   （ショウジョキソウキョク　～ Dream Battle レイム）,キャラ,0,2000,0,赤色,0,1,"幻想郷, 博麗神社","【起】【ターン1】［手札の「楽園の素敵な巫女 霊夢」を1枚控え室に置く］ あなたは自分の山札を上から4枚まで見て、《幻想郷》のキャラを1枚まで選んで相手に見せ、手札に加え、残りのカードを控え室に置き、自分のキャラを1枚選び、そのターン中、パワーを＋1000。
【起】 集中 ［(1) このカードを【レスト】する］ あなたは自分の山札の上から4枚をめくり、控え室に置く。それらのカードのトリガーアイコンがのCX1枚につき、あなたは自分の山札を上から2枚まで見て、山札の上に好きな順番で置き、自分の控え室の《幻想郷》のキャラを1枚まで選び、手札に戻す。"
https://yuyu-tei.jp/sell/ws/card/thp/10148,THP/S130-065,R,亡き王女の為のセプテット レミリア   （ナキオウジョノタメノセプテット レミリア）,キャラ,0,2000,0,赤色,0,1,"幻想郷, 紅魔館","【自】 このカードが手札から舞台に置かれた時、あなたは自分の山札の上から2枚を、控え室に置き、そのターン中、このカードのパワーを＋Ｘ。Ｘはそれらのカードの《幻想郷》のキャラの枚数×1000に等しい。
【自】［他のあなたの舞台のキャラを1枚控え室に置く］ あなたのCXがCX置場に置かれた時、あなたはコストを払ってよい。そうしたら、あなたは自分の山札を上から4枚まで見て、《幻想郷》のキャラを1枚まで選んで相手に見せ、手札に加え、残りのカードを控え室に置く。"
https://yuyu-tei.jp/sell/ws/card/thp/10149,THP/S130-066,R,境界の妖怪 紫   （キョウカイノヨウカイ ユカリ）,キャラ,2,2500,1,赤色,1,1,"幻想郷, 境界","【永】 応援 このカードの前のあなたのキャラすべてに、パワーを＋Ｘ。Ｘはそのキャラのレベル×500に等しい。
【起】［他のあなたの舞台の《幻想郷》のキャラを1枚控え室に置き、このカードを【レスト】する］ あなたは1枚引く。"
https://yuyu-tei.jp/sell/ws/card/thp/10150,THP/S130-067,R,宵闇の妖怪 ルーミア   （ヨイヤミノヨウカイ ルーミア）,キャラ,2,5000,1,赤色,1,1,"幻想郷, 闇","【永】 このカードは、色条件を満たさずに手札からプレイできる。
【自】［(2)］ このカードが手札から舞台に置かれた時、あなたはコストを払ってよい。そうしたら、次の2つの効果のうちあなたが選んだ1つを行う。『相手は自分のストックすべてを、山札に戻し、その山札をシャッフルし、自分の山札の上から同じ枚数をストック置場に置く。』『相手は自分の控え室のCXを1枚選び、そのカード以外の控え室のカードすべてを、山札に戻し、その山札をシャッフルする。』"
https://yuyu-tei.jp/sell/ws/card/thp/10151,THP/S130-068,R,月時計　ー ルナ・ダイアル 咲夜   （ツキドケイ　～ ルナ・ダイアル サクヤ）,キャラ,3,3500,1,赤色,2,2,"幻想郷, 紅魔館","【永】 応援 このカードの前のあなたのキャラすべてに、パワーを＋2000。
【自】 このカードが手札から舞台に置かれた時、あなたは自分のクロックの上から1枚を、控え室に置いてよい。
【起】［(2) 手札を2枚控え室に置き、このカードを【レスト】する］ 相手に2ダメージを与える。（ダメージキャンセルは発生する）"
https://yuyu-tei.jp/sell/ws/card/thp/10152,THP/S130-069,R,U.N.オーエンは彼女なのか? フランドール   （U.N.オーエンハカノジョナノカ? フランドール）,キャラ,3,9000,1,赤色,2,2,"幻想郷, 紅魔館","【永】 他のあなたの《幻想郷》のキャラが2枚以上なら、このカードのパワーを＋1000し、このカードは次の能力を得る。『【自】［(1)］ このカードがアタックした時、あなたはコストを払ってよい。そうしたら、そのアタック中、あなたはトリガーステップにトリガーチェックを2回行う。』
【自】【CXコンボ】［(1) あなたのCX置場の「禁忌「レーヴァテイン」」を1枚控え室に置く］ あなたのアンコールステップの始めに、あなたの手札が5枚以下で、他のあなたの《幻想郷》のキャラが3枚以上なら、あなたはコストを払ってよい。そうしたら、相手の後列のキャラすべてを、控え室に置く。"
https://yuyu-tei.jp/sell/ws/card/thp/10153,THP/S130-070,U,小悪魔   （コアクマ）,キャラ,0,1000,0,赤色,0,1,"幻想郷, 紅魔館","【自】 このカードが手札から舞台に置かれた時、あなたは自分の山札の上から1枚を公開する。そのカードが《幻想郷》のキャラかイベントなら手札に加え、あなたは自分の手札を1枚選び、控え室に置く。（そうでないなら元に戻す）
【自】［手札の《幻想郷》のキャラを1枚控え室に置く］ このカードが手札から舞台に置かれた時、あなたはコストを払ってよい。そうしたら、あなたは1枚引く。"
https://yuyu-tei.jp/sell/ws/card/thp/10154,THP/S130-071,U,表情豊かなポーカーフェイス こころ   （ヒョウジョウユタカナポーカーフェイス ココロ）,キャラ,0,1000,0,赤色,0,1,"幻想郷, 面霊気","【永】 あなたのターン中、このカードのパワーを＋3000。
【自】 このカードがアタックした時、そのアタック中、あなたはトリガーステップにトリガーチェックを2回行う。2回行ったら、あなたは自分のストックの上から1枚を、控え室に置く。"
https://yuyu-tei.jp/sell/ws/card/thp/10155,THP/S130-072,U,非想非非想天の娘 天子   （ヒソウヒヒソウテンノムスメ テンシ）,キャラ,1,2500,1,赤色,0,1,"幻想郷, 天界","【永】 あなたのターン中、他のあなたの《幻想郷》のキャラがいるなら、このカードのパワーを＋4500。
【自】【CXコンボ】【ターン1】 このカードの与えたダメージがキャンセルされた時、あなたのCX置場に「「全人類の緋想天」」があり、あなたの手札が6枚以下で、他のあなたの《幻想郷》のキャラが2枚以上なら、あなたは自分の控え室の《幻想郷》のキャラを2枚まで選び、手札に戻す。"
https://yuyu-tei.jp/sell/ws/card/thp/10156,THP/S130-073,U,不羈奔放の古豪 萃香   （フキホンポウノコゴウ スイカ）,キャラ,1,5500,1,赤色,1,1,"幻想郷, 妖怪の山","【永】 あなたのキャラすべてが《幻想郷》なら、このカードは次の2つの能力を得る。『【永】 あなたのターン中、このカードのパワーを＋3000。』『【自】 アンコール ［手札のキャラを1枚控え室に置く］』
【自】 このカードのバトル相手が【リバース】した時、あなたのCX置場にトリガーアイコンがのCXがあり、他のあなたの《幻想郷》のキャラがいるなら、あなたは自分の山札を上から4枚まで見て、カードを1枚まで選び、手札に加え、残りのカードを控え室に置き、自分の手札を1枚選び、控え室に置く。"
https://yuyu-tei.jp/sell/ws/card/thp/10157,THP/S130-074,U,博麗神社の巫女さん 霊夢   （ハクレイジンジャノミコサン レイム）,キャラ,2,3000,1,赤色,1,1,"幻想郷, 博麗神社","【自】 他のあなたの「楽園の素敵な巫女 霊夢」の【CXコンボ】の効果で与えたダメージがキャンセルされなかった時、あなたは自分の控え室のカードを1枚選び、このカードの下にマーカーとして裏向きに置く。
【自】 あなたのアンコールステップの始めに、あなたはこのカードのマーカーすべてを、控え室に置き、それらのカードの枚数が7枚以上なら、相手に1ダメージを12回与える。（ダメージキャンセルは発生する）
【起】［他のあなたの舞台の《幻想郷》のキャラを2枚控え室に置き、このカードを【レスト】する］ あなたは2枚まで引く。"
https://yuyu-tei.jp/sell/ws/card/thp/10158,THP/S130-075,U,華人小娘 美鈴   （ホアレンシャオニャン メイリン）,キャラ,2,4000,1,赤色,1,1,"幻想郷, 紅魔館","【永】 他のあなたの《幻想郷》のキャラが4枚以上なら、このカードのパワーを＋6000。
【自】 このカードが手札から舞台に置かれた時、他のあなたの《幻想郷》のキャラが2枚以上なら、あなたは2枚引いてよい。そうしたら、あなたは自分の手札を2枚選び、控え室に置く。
【自】 このカードが手札から舞台に置かれた時、他のあなたの《幻想郷》のキャラが4枚以上なら、あなたは自分の控え室の《幻想郷》のキャラを1枚選び、ストック置場に置いてよい。"
https://yuyu-tei.jp/sell/ws/card/thp/10159,THP/S130-076,U,恐ろしい波動 フランドール   （オソロシイハドウ フランドール）,キャラ,2,7500,1,赤色,2,2,"幻想郷, 紅魔館","【永】 あなたのターン中、他のあなたの《幻想郷》のキャラが2枚以上なら、このカードのパワーを＋3000し、このカードは次の能力を得る。『【自】 このカードがアタックした時、あなたは自分の山札を上から1枚見て、山札の上か控え室に置く。』
【自】 アンコール ［手札の《幻想郷》のキャラを1枚控え室に置く］ （このカードが舞台から控え室に置かれた時、あなたはコストを払ってよい。そうしたら、このカードがいた枠に【レスト】して置く）"
https://yuyu-tei.jp/sell/ws/card/thp/10160,THP/S130-077,C,美しき緋の衣 衣玖   （ウツクシキヒノコロモ イク）,キャラ,0,500,1,赤色,0,1,"幻想郷, 竜宮の使い","【永】 あなたのターン中、他のあなたの前列の「非想非非想天の娘 天子」がいるなら、このカードのパワーを＋6000し、ソウルを＋1。
【起】［【スタンド】しているこのカードを控え室に置く］ あなたのレベルが1以上なら、あなたは自分の控え室の「非想非非想天の娘 天子」を1枚選び、このカードがいた枠に置く。"
https://yuyu-tei.jp/sell/ws/card/thp/10161,THP/S130-078,C,色鮮やかに虹色な門番 美鈴   （イロアザヤカニニジイロナモンバン メイリン）,キャラ,0,2000,0,赤色,0,1,"幻想郷, 紅魔館",【自】 このカードが手札から舞台に置かれた時かアタックした時、あなたは自分の山札の上から3枚を、控え室に置いてよい。
https://yuyu-tei.jp/sell/ws/card/thp/10162,THP/S130-079,C,瀟洒なメイド 咲夜   （ショウシャナメイド サクヤ）,キャラ,0,2000,0,赤色,0,1,"幻想郷, 紅魔館","【自】 このカードが手札から舞台に置かれた時、あなたは他の自分の《幻想郷》のキャラを1枚選び、そのターン中、パワーを＋1000。
【自】【CXコンボ】［このカードを手札に戻し、あなたのCX置場のCXを1枚控え室に置く］ あなたのCX置場に「幻象「ルナクロック」」が置かれた時、あなたはコストを払ってよい。そうしたら、あなたは1枚引く。"
https://yuyu-tei.jp/sell/ws/card/thp/10163,THP/S130-080,C,知識と日陰の少女 パチュリー   （チシキトヒカゲノショウジョ パチュリー）,キャラ,1,4500,0,赤色,0,1,"幻想郷, 紅魔館",【自】［(1) 手札を1枚控え室に置く］ このカードが手札から舞台に置かれた時、あなたはコストを払ってよい。そうしたら、あなたは自分の山札を上から7枚まで見て、《幻想郷》のキャラを1枚まで選んで相手に見せ、手札に加え、残りのカードを控え室に置き、そのターン中、このカードのパワーを＋1500。
https://yuyu-tei.jp/sell/ws/card/thp/10164,THP/S130-081,C,紅い悪魔 レミリア   （アカイアクマ レミリア）,キャラ,1,5500,1,赤色,1,1,"幻想郷, 紅魔館","【永】 他のあなたの《幻想郷》のキャラが2枚以上なら、このカードのパワーを＋1500し、このカードは次の能力を得る。『【自】 このカードがアタックした時、あなたは自分の山札を上から1枚見て、山札の上か控え室に置く。』
【自】 アンコール ［手札のキャラを1枚控え室に置く］ （このカードが舞台から控え室に置かれた時、あなたはコストを払ってよい。そうしたら、このカードがいた枠に【レスト】して置く）"
https://yuyu-tei.jp/sell/ws/card/thp/10165,THP/S130-082,U,小鈴のコレクション   （コスズノコレクション）,イベント,3,,0,赤色,5,,,［手札の「小鈴のコレクション」を1枚控え室に置く］ あなたはコストを払ってよい。そうしたら、相手に6ダメージを2回与える。（ダメージキャンセルは発生する）
https://yuyu-tei.jp/sell/ws/card/thp/10166,THP/S130-083,CR,夢符「封魔陣」   （ユメフ「フウマジン」）,クライマックス,,,C,赤色,,,,"【永】 あなたのキャラすべてに、パワーを＋1000し、ソウルを＋1。
（：このカードがトリガーした時、あなたは自分の控え室のキャラを1枚選び、手札に戻してよい）"
https://yuyu-tei.jp/sell/ws/card/thp/10167,THP/S130-084,CR,「紅色の幻想郷」   （「アカイロノゲンソウキョウ」）,クライマックス,,,1H,赤色,,,,"【自】 このカードが手札からCX置場に置かれた時、の効果を行う。
（：このカードがトリガーした時、あなたは自分の控え室の自分のレベル＋1以下のレベルのキャラを1枚選び、舞台の好きな枠に【レスト】して置いてよい）"
https://yuyu-tei.jp/sell/ws/card/thp/10168,THP/S130-085,CR,「夢想天生」   （「ムソウテンセイ」）,クライマックス,,,C,赤色,,,,"【永】 あなたのキャラすべてに、パワーを＋1000し、ソウルを＋1。
（：このカードがトリガーした時、あなたは自分の控え室のキャラを1枚選び、手札に戻してよい）"
https://yuyu-tei.jp/sell/ws/card/thp/10169,THP/S130-086,CR,禁忌「レーヴァテイン」   （キンキ「レーヴァテイン」）,クライマックス,,,1H,赤色,,,,"【自】 このカードが手札からCX置場に置かれた時、の効果を行う。
（：このカードがトリガーした時、あなたは自分の控え室の自分のレベル＋1以下のレベルのキャラを1枚選び、舞台の好きな枠に【レスト】して置いてよい）"
https://yuyu-tei.jp/sell/ws/card/thp/10170,THP/S130-087,CR,「全人類の緋想天」   （「ゼンジンルイノヒソウテン」）,クライマックス,,,2,赤色,,,,【永】 あなたのキャラすべてに、ソウルを＋2。
https://yuyu-tei.jp/sell/ws/card/thp/10171,THP/S130-088,CR,幻象「ルナクロック」   （ゲンショウ「ルナクロック」）,クライマックス,,,1H,赤色,,,,"【自】 このカードが手札からCX置場に置かれた時、の効果を行う。
（：このカードがトリガーした時、あなたは自分の控え室の自分のレベル＋1以下のレベルのキャラを1枚選び、舞台の好きな枠に【レスト】して置いてよい）"
https://yuyu-tei.jp/sell/ws/card/thp/10172,THP/S130-089,RR,幽人の庭師 妖夢   （ユウジンノニワシ ヨウム）,キャラ,0,500,0,青色,0,1,"幻想郷, 白玉楼","【自】［手札を1枚控え室に置く］ このカードが手札から舞台に置かれた時、あなたはコストを払ってよい。そうしたら、あなたは自分の山札の上から1枚を公開し、自分の控え室のレベルＸ以下のキャラを1枚選び、手札に戻す。Ｘは公開されたカードのレベルに等しい。（CXのレベルは0として扱う。公開したカードは元に戻す）
【自】 このカードがアタックした時、そのアタック中、あなたはトリガーステップにトリガーチェックを2回行う。2回行ったら、あなたは自分のストックの上から1枚を、控え室に置く。"
https://yuyu-tei.jp/sell/ws/card/thp/10173,THP/S130-090,RR,幽冥楼閣の亡霊少女 幽々子   （ユウメイロウカクノボウレイショウジョ ユユコ）,キャラ,3,10000,1,青色,2,2,"幻想郷, 白玉楼","【自】 このカードが手札から舞台に置かれた時、あなたは自分のクロックの上から1枚を、控え室に置いてよい。
【自】【CXコンボ】 このカードがアタックした時、CX置場に「「反魂蝶　-八分咲-」」があり、他のあなたの《幻想郷》のキャラが2枚以上なら、次の2つの効果のうちあなたが選んだ1つを行う。『あなたは自分の控え室の「半人半霊 妖夢」を1枚まで選び、舞台の好きな枠に置き、そのターン中、あなたは4回目以降のアタックができない。』『［(1) 手札を1枚控え室に置く］ あなたはコストを払ってよい。そうしたら、相手に2ダメージを与え、次の相手のターンの終わりまで、このカードのパワーを＋1000。』（ダメージキャンセルは発生する）"
https://yuyu-tei.jp/sell/ws/card/thp/10174,THP/S130-091,R,湖上の氷精 チルノ   （コジョウノヒョウセイ チルノ）,キャラ,0,2500,0,青色,0,1,"幻想郷, 霧の湖","【永】 このカードと同じカード名のカードは、デッキに好きな枚数入れることができる。
【永】 あなたはイベントと『助太刀』を手札からプレイできない。
【永】 他のあなたの「湖上の氷精 チルノ」1枚につき、このカードのパワーを＋1000。"
https://yuyu-tei.jp/sell/ws/card/thp/10175,THP/S130-092,R,人形裁判　ー 人の形弄びし少女 アリス   （ニンギョウサイバン　～ ヒトノカタチモテアソビシショウジョ アリス）,キャラ,0,2500,0,青色,0,1,"幻想郷, 魔法の森","【永】 このカードの正面のキャラに、『【自】 アンコール ［(2)］』を与える。
【自】 相手のアタックフェイズの始めに、あなたのキャラすべてが《幻想郷》なら、あなたは自分の山札の上から1枚を、控え室に置いてよい。そのカードがレベル2以下のキャラなら、そのターン中、このカードは次の能力を得る。『【自】 このカードがフロントアタックされた時、あなたはこのカードを手札に戻してよい。』"
https://yuyu-tei.jp/sell/ws/card/thp/10176,THP/S130-093,R,広有射怪鳥事　ー Till When? 妖夢   （ヒロアリケチョウヲイルコト　～ Till When? ヨウム）,キャラ,1,4500,0,青色,0,1,"幻想郷, 白玉楼","【自】 このカードが手札から舞台に置かれた時、そのターン中、このカードのパワーを＋1500。
【自】【CXコンボ】 あなたのCX置場に「天上剣「天人の五衰」」が置かれた時、他のあなたの《幻想郷》のキャラが2枚以上なら、そのターン中、このカードは次の2つの能力を得る。『【自】［(1)］ このカードがアタックした時、あなたはコストを払ってよい。そうしたら、そのアタック中、あなたはトリガーステップにトリガーチェックを2回行う。』『【自】 このカードのアタックの終わりに、あなたは自分の山札の上から1枚を公開し、自分の控え室のレベルＸ以下のキャラを1枚選び、手札に戻す。Ｘは公開されたカードのレベルに等しい。』（CXのレベルは0として扱う。公開したカードは元に戻す）"
https://yuyu-tei.jp/sell/ws/card/thp/10177,THP/S130-094,R,幽雅に咲かせ、墨染の桜　ー Border of Life 幽々子   （ユウガニサカセ、スミゾメノサクラ　～ Border of Life ユユコ）,キャラ,1,3000,1,青色,1,1,"幻想郷, 白玉楼","【永】 応援 このカードの前のあなたの《幻想郷》のキャラすべてに、パワーを＋Ｘ。Ｘはそのキャラのレベル×500に等しい。
【自】【CXコンボ】［(1) 他のあなたの舞台のキャラを1枚控え室に置き、あなたの《幻想郷》のキャラを2枚【レスト】する］ あなたのCXフェイズ中、CX置場に「「反魂蝶　-八分咲-」」が置かれた時、あなたのレベルが2以上で、あなたのキャラすべてが《幻想郷》なら、あなたはコストを払ってよい。そうしたら、あなたは自分の手札の「幽冥楼閣の亡霊少女 幽々子」を1枚まで選び、舞台の好きな枠に置く。
【自】［手札のCXを1枚控え室に置く］ あなたのCXがトリガーした時、あなたはコストを払ってよい。そうしたら、あなたは自分の控え室のキャラを1枚選び、手札に戻す。"
https://yuyu-tei.jp/sell/ws/card/thp/10178,THP/S130-095,U,依神女苑＆依神紫苑   （ヨリガミジョオン＆ヨリガミシオン）,キャラ,0,1000,0,青色,0,1,"幻想郷, 憑依","【自】 このカードが手札から舞台に置かれた時、そのターン中、このカードのパワーを＋Ｘ。Ｘはあなたの《幻想郷》のキャラの枚数×1000に等しい。
【自】［(1)］ あなたのトリガーアイコンがのCXがトリガーした時、他のあなたの《幻想郷》のキャラがいるなら、あなたはコストを払ってよい。そうしたら、あなたは自分の山札の上から1枚を、ストック置場に置き、1枚まで引く。1枚引いたなら、あなたは自分の手札を1枚選び、控え室に置く。"
https://yuyu-tei.jp/sell/ws/card/thp/10179,THP/S130-096,U,大妖精   （ダイヨウセイ）,キャラ,0,1500,0,青色,0,1,"幻想郷, 霧の湖","【起】［(1) このカードを控え室に置く］ あなたは自分の山札を見て「湖上の氷精 チルノ」を2枚まで選び、舞台の別々の枠に置き、その山札をシャッフルする。
【起】 集中 ［(1) あなたのキャラを2枚【レスト】する］ あなたは自分の山札の上から4枚をめくり、控え室に置く。それらのカードのCX1枚につき、あなたは自分の山札を見て《幻想郷》のキャラを1枚まで選んで相手に見せ、手札に加え、その山札をシャッフルする。"
https://yuyu-tei.jp/sell/ws/card/thp/10180,THP/S130-097,U,神隠しの主犯 紫   （カミカクシノシュハン ユカリ）,キャラ,0,1500,0,青色,0,1,"幻想郷, 境界","【自】［手札のCXを1枚控え室に置く］ このカードが手札から舞台に置かれた時、あなたはコストを払ってよい。そうしたら、あなたは自分の控え室の《幻想郷》のキャラを1枚選び、手札に戻す。
【自】［このカードを手札に戻す］ あなたのトリガーアイコンがのCXがCX置場に置かれた時、あなたはコストを払ってよい。そうしたら、あなたは自分のキャラを1枚選び、そのターン中、パワーを＋2500。"
https://yuyu-tei.jp/sell/ws/card/thp/10181,THP/S130-098,U,冬の忘れ物 レティ   （フユノワスレモノ レティ）,キャラ,2,2500,1,青色,1,1,"幻想郷, 冬","【自】［(1) 手札の《幻想郷》のキャラを1枚控え室に置き、あなたの舞台のキャラを1枚控え室に置く］ あなたがこのカードの『助太刀』を使った時、あなたはコストを払ってよい。そうしたら、あなたは相手の、レベルが相手のレベルより高いキャラを1枚選び、山札の下に置く。
【起】【カウンター】 助太刀2500 レベル2 ［(1) 手札のこのカードを控え室に置く］ （あなたは自分のフロントアタックされているキャラを1枚選び、そのターン中、パワーを＋2500）"
https://yuyu-tei.jp/sell/ws/card/thp/10182,THP/S130-099,U,すきま妖怪の式 藍   （スキマヨウカイノシキ ラン）,キャラ,2,3000,1,青色,1,1,"幻想郷, 式神","【永】 あなたのターン中、他のあなたの《幻想郷》のキャラすべてに、パワーを＋2000。
【自】 このカードが手札から舞台に置かれた時、あなたは自分の控え室の「凶兆の黒猫 橙」を1枚選び、このカードの下にマーカーとして表向きに置いてよい。
【起】［手札の青のカードを1枚控え室に置く］ あなたはこのカードのマーカーの「凶兆の黒猫 橙」を1枚選び、舞台の好きな枠に置く。ターンの終わりに、あなたはそのキャラをこのカードの下にマーカーとして表向きに置いてよい。"
https://yuyu-tei.jp/sell/ws/card/thp/10183,THP/S130-100,U,不自然な冷気 チルノ   （フシゼンナレイキ チルノ）,キャラ,2,6500,1,青色,1,1,"幻想郷, 霧の湖","【自】 このカードがアタックした時、そのターン中、このカードのパワーを＋Ｘ。Ｘは他のあなたの《幻想郷》のキャラの枚数×1500に等しい。
【自】【CXコンボ】 このカードのアタックの終わりに、CX置場に「氷符「アイシクルフォール」」があり、他のあなたの《幻想郷》のキャラがいるなら、あなたは自分の山札の上から2枚を、控え室に置き、自分の控え室のレベルＸ以下の《幻想郷》のキャラを1枚まで選び、手札に戻し、自分の控え室の《幻想郷》のキャラを1枚まで選び、ストック置場に置く。Ｘはこの効果で控え室に置かれたカードのレベルの合計に等しい。（CXのレベルは0として扱う）"
https://yuyu-tei.jp/sell/ws/card/thp/10184,THP/S130-101,U,見た目だけ賑やかな妖怪 アリス   （ミタメダケニギヤカナヨウカイ アリス）,キャラ,3,8500,1,青色,2,2,"幻想郷, 魔法の森","【永】 あなたか相手の、レベル3以上のキャラがいて、他のあなたの《幻想郷》のキャラが2枚以上なら、あなたの手札のこのカードのレベルを-1。
【自】 このカードが手札から舞台に置かれた時、あなたは自分のクロックの上から1枚を、控え室に置いてよい。
【自】［他のあなたの舞台の《幻想郷》のキャラを1枚控え室に置く］ このカードが手札から舞台に置かれた時、あなたはコストを払ってよい。そうしたら、あなたは相手のレベル1以上のキャラを1枚選び、相手は自分の控え室のレベルＸ以下のキャラを1枚選び、入れ替える。Ｘはあなたが選んだキャラのレベル-1に等しい。"
https://yuyu-tei.jp/sell/ws/card/thp/10185,THP/S130-102,U,半人半霊 妖夢   （ハンジンハンレイ ヨウム）,キャラ,3,10500,1,青色,2,1,"幻想郷, 白玉楼","【自】 このカードが手札から舞台に置かれた時か「幽冥楼閣の亡霊少女 幽々子」の【自】の効果で舞台に置かれた時、次の2つの効果のうちあなたが選んだ1つを行う。『あなたは自分のクロックの上から1枚を、控え室に置いてよい。』『あなたは自分の控え室の《幻想郷》のキャラを1枚選び、手札に戻してよい。』
【自】［(3) 手札を2枚控え室に置く］ このカードがアタックした時、他のあなたの「幽冥楼閣の亡霊少女 幽々子」がいるなら、あなたはコストを払ってよい。そうしたら、相手に1ダメージを2回与え、そのターン中、このカードのパワーを＋2000。（ダメージキャンセルは発生する）"
https://yuyu-tei.jp/sell/ws/card/thp/10186,THP/S130-103,C,恒久の姫 阿梨夜   （コウキュウノヒメ アリヤ）,キャラ,1,2000,0,青色,0,1,"幻想郷, 浅間浄穢山","【自】 このカードが手札から舞台に置かれた時、あなたは相手のキャラを1枚選び、次の相手のターンの終わりまで、次の能力を与える。『【永】 このカードは他の枠に動かせない。』
【自】 このカードが【リバース】した時、このカードのバトル相手のコストが0以下なら、あなたはそのキャラを山札の下に置いてよい。"
https://yuyu-tei.jp/sell/ws/card/thp/10187,THP/S130-104,C,無敗の剛欲同盟長 尤魔   （ムハイノゴウヨクドウメイチョウ ユウマ）,キャラ,1,3500,0,青色,0,1,"幻想郷, 剛欲同盟","【永】 このカードの下にマーカーがあるなら、このカードのパワーを＋2500し、このカードは次の能力を得る。『【自】 このカードのバトル相手が【リバース】した時、あなたは自分の控え室の《幻想郷》のキャラを1枚選び、手札に戻し、自分の手札を1枚選び、控え室に置く。』
【自】 このカードが手札から舞台に置かれた時、あなたは自分の山札の上から1枚を公開する。そのカードが《幻想郷》のキャラかイベントならこのカードの下にマーカーとして表向きに置いてよい。（そうしないなら元に戻す）"
https://yuyu-tei.jp/sell/ws/card/thp/10188,THP/S130-105,C,プリズムリバー三姉妹   （プリズムリバーサンシマイ）,キャラ,1,4000,0,青色,0,1,"幻想郷, 音楽","【自】 このカードが手札から舞台に置かれた時、そのターン中、このカードのパワーを＋3500し、このカードは次の能力を得る。『【自】 ターンの終わりに、このカードを控え室に置く。』
【自】 このカードがアタックした時、あなたは他の自分の《幻想郷》のキャラを1枚選び、そのターン中、パワーを＋2000。"
https://yuyu-tei.jp/sell/ws/card/thp/10189,THP/S130-106,C,春を運ぶ妖精 リリーホワイト   （ハルヲハコブヨウセイ リリーホワイト）,キャラ,1,4500,1,青色,1,1,"幻想郷, 春","【永】 あなたのターン中、このカードの下のマーカー1枚につき、このカードのパワーを＋2000。
【自】 このカードが手札から舞台に置かれた時、あなたは自分の控え室の「湖上の氷精 チルノ」を3枚まで選び、このカードの下にマーカーとして好きな順番で表向きに置く。
【自】［(1)］ アンコールステップの始めに、他のあなたの前列の【レスト】しているキャラがいないなら、あなたはコストを払ってよい。そうしたら、このカードを【レスト】する。"
https://yuyu-tei.jp/sell/ws/card/thp/10190,THP/S130-107,C,凶兆の黒猫 橙   （キョウチョウノクロネコ チェン）,キャラ,2,4500,1,青色,1,1,"幻想郷, 式神","【永】 あなたのターン中、他のあなたの「すきま妖怪の式 藍」がいるなら、このカードのパワーを＋4000し、このカードは次の能力を得る。『【自】［(1)］ このカードがアタックした時、あなたはコストを払ってよい。そうしたら、そのアタック中、あなたはトリガーステップにトリガーチェックを2回行う。』
【自】 このカードのバトル相手が【リバース】した時、あなたはそのキャラを山札の下に置いてよい。"
https://yuyu-tei.jp/sell/ws/card/thp/10191,THP/S130-108,R,人妖の境界   （ジンヨウノキョウカイ）,イベント,1,,0,青色,1,,,"このカードは、あなたの《幻想郷》のキャラがいないなら、手札からプレイできない。このカードは、色条件を満たさずに手札からプレイできる。
あなたは自分の控え室の《幻想郷》のキャラを1枚選び、手札に戻す。このカードを思い出にする。
【自】 記憶 ［手札のCXを1枚公開する］ 思い出置場にこのカードがあるなら、あなたのCXフェイズの始めに、あなたはコストを払ってよい。そうしたら、あなたは自分のキャラを1枚選び、そのターン中、パワーを＋1000。"
https://yuyu-tei.jp/sell/ws/card/thp/10192,THP/S130-109,CR,「反魂蝶　‐八分咲‐」   （「ハンゴンチョウ　‐ハチブザキ‐」）,クライマックス,,,1G,青色,,,,"【永】 あなたのキャラすべてに、パワーを＋1000し、ソウルを＋1。
（：このカードがトリガーした時、あなたは自分の控え室のCXを1枚選び、手札に戻してよい）"
https://yuyu-tei.jp/sell/ws/card/thp/10193,THP/S130-110,CR,天上剣「天人の五衰」   （テンジョウケン「テンニンノゴスイ」）,クライマックス,,,1G,青色,,,,"【永】 あなたのキャラすべてに、パワーを＋1000し、ソウルを＋1。
（：このカードがトリガーした時、あなたは自分の控え室のCXを1枚選び、手札に戻してよい）"
https://yuyu-tei.jp/sell/ws/card/thp/10194,THP/S130-111,CR,氷符「アイシクルフォール」   （ヒョウフ「アイシクルフォール」）,クライマックス,,,1G,青色,,,,"【永】 あなたのキャラすべてに、パワーを＋1000し、ソウルを＋1。
（：このカードがトリガーした時、あなたは自分の控え室のCXを1枚選び、手札に戻してよい）"
https://yuyu-tei.jp/sell/ws/card/thp/10195,THP/S130-112,PR,「ブレイジングスター」   （「ブレイジングスター」）,クライマックス,,,I,黄色,,,,"【永】 あなたのキャラすべてに、パワーを＋1000し、ソウルを＋1。
（：このカードがトリガーした時、あなたは自分の控え室のトリガーアイコンにがあるキャラを1枚選び、手札に戻すかストック置場に置いてよい）"
https://yuyu-tei.jp/sell/ws/card/thp/10196,THP/S130-112S,PR,「ブレイジングスター」(箔押し入り)   （「ブレイジングスター」）,クライマックス,,,I,黄色,,,,"【永】 あなたのキャラすべてに、パワーを＋1000し、ソウルを＋1。
（：このカードがトリガーした時、あなたは自分の控え室のトリガーアイコンにがあるキャラを1枚選び、手札に戻すかストック置場に置いてよい）"
https://yuyu-tei.jp/sell/ws/card/thp/10197,THP/S130-113,PR,魔符「スターダストレヴァリエ」   （該当なし）,クライマックス,,,I,黄色,,,,"【永】 あなたのキャラすべてに、パワーを＋1000し、ソウルを＋1。
（：このカードがトリガーした時、あなたは自分の控え室のトリガーアイコンにがあるキャラを1枚選び、手札に戻すかストック置場に置いてよい）"
https://yuyu-tei.jp/sell/ws/card/thp/10198,THP/S130-113S,PR,魔符「スターダストレヴァリエ」(箔押し入り)   （マフ「スターダストレヴァリエ」）,クライマックス,,,I,黄色,,,,"【永】 あなたのキャラすべてに、パワーを＋1000し、ソウルを＋1。
（：このカードがトリガーした時、あなたは自分の控え室のトリガーアイコンにがあるキャラを1枚選び、手札に戻すかストック置場に置いてよい）"
https://yuyu-tei.jp/sell/ws/card/thp/10199,THP/S130-114,PR,永夜符「蓬莱壺中の弾の枝」   （エイヤフ「ホウライコチュウノタマノエダ」）,クライマックス,,,1A,黄色,,,,"【永】 あなたのキャラすべてに、パワーを＋1000し、ソウルを＋1。
（：このカードがトリガーした時、あなたは相手のキャラを1枚選び、手札に戻してよい）"
https://yuyu-tei.jp/sell/ws/card/thp/10200,THP/S130-114S,PR,永夜符「蓬莱壺中の弾の枝」(箔押し入り)   （該当なし）,クライマックス,,,1A,黄色,,,,"【永】 あなたのキャラすべてに、パワーを＋1000し、ソウルを＋1。
（：このカードがトリガーした時、あなたは相手のキャラを1枚選び、手札に戻してよい）"
https://yuyu-tei.jp/sell/ws/card/thp/10201,THP/S130-115,PR,波符「赤眼催眠（マインドシェイカー）」   （ナミフ「マインドシェイカー」）,クライマックス,,,1A,黄色,,,,"【永】 あなたのキャラすべてに、パワーを＋1000し、ソウルを＋1。
（：このカードがトリガーした時、あなたは相手のキャラを1枚選び、手札に戻してよい）"
https://yuyu-tei.jp/sell/ws/card/thp/10202,THP/S130-115S,PR,波符「赤眼催眠（マインドシェイカー）」(箔押し入り)   （ナミフ「マインドシェイカー」）,クライマックス,,,1A,黄色,,,,"【永】 あなたのキャラすべてに、パワーを＋1000し、ソウルを＋1。
（：このカードがトリガーした時、あなたは相手のキャラを1枚選び、手札に戻してよい）"
https://yuyu-tei.jp/sell/ws/card/thp/10203,THP/S130-116,PR,想起「テリブルスーヴニール」   （ソウキ「テリブルスーヴニール」）,クライマックス,,,F,緑色,,,,"【永】 あなたのキャラすべてに、パワーを＋1000し、ソウルを＋1。
（：このカードがトリガーした時、あなたはこのカードを手札に戻す。あなたは自分の山札の上から1枚を、ストック置場に置いてよい）"
https://yuyu-tei.jp/sell/ws/card/thp/10204,THP/S130-116S,PR,想起「テリブルスーヴニール」(箔押し入り)   （ソウキ「テリブルスーヴニール」）,クライマックス,,,F,緑色,,,,"【永】 あなたのキャラすべてに、パワーを＋1000し、ソウルを＋1。
（：このカードがトリガーした時、あなたはこのカードを手札に戻す。あなたは自分の山札の上から1枚を、ストック置場に置いてよい）"
https://yuyu-tei.jp/sell/ws/card/thp/10205,THP/S130-117,PR,「サブタレイニアンローズ」   （「サブタレイニアンローズ」）,クライマックス,,,F,緑色,,,,"【永】 あなたのキャラすべてに、パワーを＋1000し、ソウルを＋1。
（：このカードがトリガーした時、あなたはこのカードを手札に戻す。あなたは自分の山札の上から1枚を、ストック置場に置いてよい）"
https://yuyu-tei.jp/sell/ws/card/thp/10206,THP/S130-117S,PR,「サブタレイニアンローズ」(箔押し入り)   （「サブタレイニアンローズ」）,クライマックス,,,F,緑色,,,,"【永】 あなたのキャラすべてに、パワーを＋1000し、ソウルを＋1。
（：このカードがトリガーした時、あなたはこのカードを手札に戻す。あなたは自分の山札の上から1枚を、ストック置場に置いてよい）"
https://yuyu-tei.jp/sell/ws/card/thp/10207,THP/S130-118,PR,疾風「風神少女」   （シップウ「フウジンショウジョ」）,クライマックス,,,2,緑色,,,,【自】 このカードが手札からCX置場に置かれた時、あなたは自分の控え室のレベル1以下のキャラを1枚まで選び、ストック置場に置き、自分のキャラすべてに、そのターン中、ソウルを＋1。
https://yuyu-tei.jp/sell/ws/card/thp/10208,THP/S130-118S,PR,疾風「風神少女」(箔押し入り)   （シップウ「フウジンショウジョ」）,クライマックス,,,2,緑色,,,,【自】 このカードが手札からCX置場に置かれた時、あなたは自分の控え室のレベル1以下のキャラを1枚まで選び、ストック置場に置き、自分のキャラすべてに、そのターン中、ソウルを＋1。
https://yuyu-tei.jp/sell/ws/card/thp/10209,THP/S130-119,PR,夢符「封魔陣」   （ユメフ「フウマジン」）,クライマックス,,,C,赤色,,,,"【永】 あなたのキャラすべてに、パワーを＋1000し、ソウルを＋1。
（：このカードがトリガーした時、あなたは自分の控え室のキャラを1枚選び、手札に戻してよい）"
https://yuyu-tei.jp/sell/ws/card/thp/10210,THP/S130-119S,PR,夢符「封魔陣」(箔押し入り)   （ユメフ「フウマジン」）,クライマックス,,,C,赤色,,,,"【永】 あなたのキャラすべてに、パワーを＋1000し、ソウルを＋1。
（：このカードがトリガーした時、あなたは自分の控え室のキャラを1枚選び、手札に戻してよい）"
https://yuyu-tei.jp/sell/ws/card/thp/10211,THP/S130-120,PR,「紅色の幻想郷」   （「アカイロノゲンソウキョウ」）,クライマックス,,,1H,赤色,,,,"【自】 このカードが手札からCX置場に置かれた時、の効果を行う。
（：このカードがトリガーした時、あなたは自分の控え室の自分のレベル＋1以下のレベルのキャラを1枚選び、舞台の好きな枠に【レスト】して置いてよい）"
https://yuyu-tei.jp/sell/ws/card/thp/10212,THP/S130-120S,PR,「紅色の幻想郷」(箔押し入り)   （「アカイロノゲンソウキョウ」）,クライマックス,,,1H,赤色,,,,"【自】 このカードが手札からCX置場に置かれた時、の効果を行う。
（：このカードがトリガーした時、あなたは自分の控え室の自分のレベル＋1以下のレベルのキャラを1枚選び、舞台の好きな枠に【レスト】して置いてよい）"
https://yuyu-tei.jp/sell/ws/card/thp/10213,THP/S130-121,PR,「夢想天生」   （「ムソウテンセイ」）,クライマックス,,,C,赤色,,,,"【永】 あなたのキャラすべてに、パワーを＋1000し、ソウルを＋1。
（：このカードがトリガーした時、あなたは自分の控え室のキャラを1枚選び、手札に戻してよい）"
https://yuyu-tei.jp/sell/ws/card/thp/10214,THP/S130-121S,PR,「夢想天生」(箔押し入り)   （「ムソウテンセイ」）,クライマックス,,,C,赤色,,,,"【永】 あなたのキャラすべてに、パワーを＋1000し、ソウルを＋1。
（：このカードがトリガーした時、あなたは自分の控え室のキャラを1枚選び、手札に戻してよい）"
https://yuyu-tei.jp/sell/ws/card/thp/10215,THP/S130-122,PR,禁忌「レーヴァテイン」   （キンキ「レーヴァテイン」）,クライマックス,,,1H,赤色,,,,"【自】 このカードが手札からCX置場に置かれた時、の効果を行う。
（：このカードがトリガーした時、あなたは自分の控え室の自分のレベル＋1以下のレベルのキャラを1枚選び、舞台の好きな枠に【レスト】して置いてよい）"
https://yuyu-tei.jp/sell/ws/card/thp/10216,THP/S130-122S,PR,禁忌「レーヴァテイン」(箔押し入り)   （キンキ「レーヴァテイン」）,クライマックス,,,1H,赤色,,,,"【自】 このカードが手札からCX置場に置かれた時、の効果を行う。
（：このカードがトリガーした時、あなたは自分の控え室の自分のレベル＋1以下のレベルのキャラを1枚選び、舞台の好きな枠に【レスト】して置いてよい）"
https://yuyu-tei.jp/sell/ws/card/thp/10217,THP/S130-123,PR,「全人類の緋想天」   （「ゼンジンルイノヒソウテン」）,クライマックス,,,2,赤色,,,,【永】 あなたのキャラすべてに、ソウルを＋2。
https://yuyu-tei.jp/sell/ws/card/thp/10218,THP/S130-123S,PR,「全人類の緋想天」(箔押し入り)   （「ゼンジンルイノヒソウテン」）,クライマックス,,,2,赤色,,,,【永】 あなたのキャラすべてに、ソウルを＋2。
https://yuyu-tei.jp/sell/ws/card/thp/10219,THP/S130-124,PR,幻象「ルナクロック」   （ゲンショウ「ルナクロック」）,クライマックス,,,1H,赤色,,,,"【自】 このカードが手札からCX置場に置かれた時、の効果を行う。
（：このカードがトリガーした時、あなたは自分の控え室の自分のレベル＋1以下のレベルのキャラを1枚選び、舞台の好きな枠に【レスト】して置いてよい）"
https://yuyu-tei.jp/sell/ws/card/thp/10220,THP/S130-124S,PR,幻象「ルナクロック」(箔押し入り)   （ゲンショウ「ルナクロック」）,クライマックス,,,1H,赤色,,,,"【自】 このカードが手札からCX置場に置かれた時、の効果を行う。
（：このカードがトリガーした時、あなたは自分の控え室の自分のレベル＋1以下のレベルのキャラを1枚選び、舞台の好きな枠に【レスト】して置いてよい）"
https://yuyu-tei.jp/sell/ws/card/thp/10221,THP/S130-125,PR,「反魂蝶　‐八分咲‐」   （「ハンゴンチョウ　‐ハチブザキ‐」）,クライマックス,,,1G,青色,,,,"【永】 あなたのキャラすべてに、パワーを＋1000し、ソウルを＋1。
（：このカードがトリガーした時、あなたは自分の控え室のCXを1枚選び、手札に戻してよい）"
https://yuyu-tei.jp/sell/ws/card/thp/10222,THP/S130-125S,PR,「反魂蝶　‐八分咲‐」(箔押し入り)   （「ハンゴンチョウ　‐ハチブザキ‐」）,クライマックス,,,1G,青色,,,,"【永】 あなたのキャラすべてに、パワーを＋1000し、ソウルを＋1。
（：このカードがトリガーした時、あなたは自分の控え室のCXを1枚選び、手札に戻してよい）"
https://yuyu-tei.jp/sell/ws/card/thp/10223,THP/S130-126,PR,天上剣「天人の五衰」   （テンジョウケン「テンニンノゴスイ」）,クライマックス,,,1G,青色,,,,"【永】 あなたのキャラすべてに、パワーを＋1000し、ソウルを＋1。
（：このカードがトリガーした時、あなたは自分の控え室のCXを1枚選び、手札に戻してよい）"
https://yuyu-tei.jp/sell/ws/card/thp/10224,THP/S130-126S,PR,天上剣「天人の五衰」(箔押し入り)   （テンジョウケン「テンニンノゴスイ」）,クライマックス,,,1G,青色,,,,"【永】 あなたのキャラすべてに、パワーを＋1000し、ソウルを＋1。
（：このカードがトリガーした時、あなたは自分の控え室のCXを1枚選び、手札に戻してよい）"
https://yuyu-tei.jp/sell/ws/card/thp/10225,THP/S130-127,PR,氷符「アイシクルフォール」   （ヒョウフ「アイシクルフォール」）,クライマックス,,,1G,青色,,,,"【永】 あなたのキャラすべてに、パワーを＋1000し、ソウルを＋1。
（：このカードがトリガーした時、あなたは自分の控え室のCXを1枚選び、手札に戻してよい）"
https://yuyu-tei.jp/sell/ws/card/thp/10226,THP/S130-127S,PR,氷符「アイシクルフォール」(箔押し入り)   （ヒョウフ「アイシクルフォール」）,クライマックス,,,1G,青色,,,,"【永】 あなたのキャラすべてに、パワーを＋1000し、ソウルを＋1。
（：このカードがトリガーした時、あなたは自分の控え室のCXを1枚選び、手札に戻してよい）"
https://yuyu-tei.jp/sell/ws/card/thp/10227,THP/S130-128S,PR,メイガスナイト 魔理沙(箔押し入り)   （メイガスナイト マリサ）,キャラ,0,1000,0,黄色,0,1,"幻想郷, 魔法の森","【自】 このカードが手札から舞台に置かれた時、あなたは自分の山札の上から1枚を公開する。そのカードが《幻想郷》のキャラなら、そのターン中、このカードのパワーを＋2000。（公開したカードは元に戻す）
【自】［(1) あなたの山札の上から1枚をクロック置場に置く］ このカードが手札から舞台に置かれた時、あなたはコストを払ってよい。そうしたら、あなたは自分の山札を見てレベル1以下のキャラを1枚まで選んで相手に見せ、手札に加え、その山札をシャッフルする。この能力のコストでクロック置場に置かれたCXがあるなら、あなたは自分の山札の上から1枚を、ストック置場に置いてよい。"
https://yuyu-tei.jp/sell/ws/card/thp/10228,THP/S130-129S,PR,蓬莱の人の形 妹紅(箔押し入り)   （ホウライノヒトノカタチ モコウ）,キャラ,3,8500,1,黄色,2,2,"幻想郷, 迷いの竹林","【永】 あなたの《幻想郷》のキャラが4枚以上なら、あなたの手札のこのカードのレベルを-1。
【自】 このカードが手札から舞台に置かれた時、他のあなたの《幻想郷》のキャラがいるなら、あなたは自分のクロックの上から1枚までを、控え室に置き、そのターン中、このカードのパワーを＋2000。
【自】 このカードが【リバース】した時、他のあなたの《幻想郷》のキャラが2枚以上なら、あなたは自分の山札の上から1枚を公開する。そのカードが《幻想郷》のキャラなら、あなたはこのカードを手札に戻してよい。（公開したカードは元に戻す）"
https://yuyu-tei.jp/sell/ws/card/thp/10229,THP/S130-130S,PR,普通の魔法使い 魔理沙(箔押し入り)   （フツウノマホウツカイ マリサ）,キャラ,3,10000,1,黄色,2,1,"幻想郷, 魔法の森","【自】 このカードが手札から舞台に置かれた時、次の行動を2回行う。『［手札の《幻想郷》のキャラを1枚控え室に置く］ あなたはコストを払ってよい。そうしたら、あなたは1枚引く。』
【自】【CXコンボ】［(2) 手札を2枚控え室に置き、他のあなたの舞台の《幻想郷》のキャラを1枚控え室に置く］ このカードがアタックした時、CX置場に「「ブレイジングスター」」があり、他のあなたの《幻想郷》のキャラが2枚以上なら、あなたはコストを払ってよい。そうしたら、あなたは好きな数を宣言し、相手にＸダメージを2回与える。Ｘはあなたの宣言した数に等しい。（マイナスの数は宣言できない。ダメージキャンセルは発生する）"
https://yuyu-tei.jp/sell/ws/card/thp/10230,THP/S130-131S,PR,本怖！貴方の後ろにいるよ こいし(箔押し入り)   （ホンコワ！アナタノウシロニイルヨ コイシ）,キャラ,0,500,0,緑色,0,1,"幻想郷, 地霊殿","【永】 このカードは相手の効果に選ばれない。
【自】 あなたのアタックフェイズの始めに、あなたは自分の山札の上から1枚を公開する。そのカードが《幻想郷》のキャラなら、あなたは自分のキャラを1枚選び、そのターン中、パワーを＋1000。（公開したカードは元に戻す）
【起】 集中 ［(1) このカードを【レスト】する］ あなたは自分の山札の上から4枚をめくり、控え室に置く。それらのカードのCX1枚につき、あなたは自分の控え室のキャラを1枚まで選び、手札に戻す。"
https://yuyu-tei.jp/sell/ws/card/thp/10231,THP/S130-132S,PR,怨霊も恐れ怯む少女 さとり(箔押し入り)   （オンリョウモオソレヒルムショウジョ サトリ）,キャラ,1,4500,0,緑色,0,1,"幻想郷, 地霊殿","【自】 このカードがアタックした時、CX置場にトリガーアイコンがのCXがあり、他のあなたの《幻想郷》のキャラがいるなら、あなたは自分の山札を上から2枚まで見て、山札の上に好きな順番で置き、そのターン中、このカードのパワーを＋2000。
【自】【CXコンボ】［手札を1枚控え室に置く］ このカードのアタックの終わりに、CX置場に「想起「テリブルスーヴニール」」があり、他のあなたの《幻想郷》のキャラがいるなら、あなたはコストを払ってよい。そうしたら、あなたは自分の山札を上から4枚まで見て、《幻想郷》のキャラを2枚まで選んで相手に見せ、手札に加え、残りのカードを控え室に置く。"
https://yuyu-tei.jp/sell/ws/card/thp/10232,THP/S130-133S,PR,紅魔館のメイド 咲夜(箔押し入り)   （コウマカンノメイド サクヤ）,キャラ,0,1500,0,赤色,0,1,"幻想郷, 紅魔館","【自】 このカードが手札から舞台に置かれた時、あなたは自分のキャラを1枚選び、そのターン中、パワーを＋1000。
【自】 このカードが舞台から控え室に置かれた時、あなたは自分の山札を上から3枚まで見て、CXを1枚まで選んで相手に見せ、手札に加え、残りのカードを控え室に置く。手札に加えたなら、あなたは自分の手札を1枚選び、控え室に置く。"
https://yuyu-tei.jp/sell/ws/card/thp/10233,THP/S130-134S,PR,悪魔の妹 フランドール(箔押し入り)   （アクマノイモウト フランドール）,キャラ,0,1500,0,赤色,0,1,"幻想郷, 紅魔館","【永】 あなたのキャラすべてが《幻想郷》なら、このカードのパワーを＋1500。
【自】 あなたのCXフェイズの始めに、次の相手のターンの終わりまで、このカードは次の2つの能力のうちあなたが選んだ1つを得る。『【自】 相手のアタックフェイズの始めに、あなたはこのカードを、前列のキャラのいない枠で、正面に相手のキャラがいる枠に動かしてよい。』『【自】［(1) このカードを控え室に置く］ 他のあなたの《幻想郷》のキャラがフロントアタックされた時、あなたはコストを払ってよい。そうしたら、そのキャラを手札に戻す。』"
https://yuyu-tei.jp/sell/ws/card/thp/10234,THP/S130-135S,PR,快晴の巫女 霊夢(箔押し入り)   （カイセイノミコ レイム）,キャラ,1,3500,0,赤色,0,1,"幻想郷, 博麗神社","【永】 あなたのターン中、あなたのキャラすべてが《幻想郷》なら、このカードのパワーを＋4000。
【自】【CXコンボ】 このカードのアタックの終わりに、CX置場に「夢符「封魔陣」」があるなら、あなたは自分の山札の上から1枚を公開し、自分の控え室のレベルＸ以下の《幻想郷》のキャラを1枚まで選び、手札に戻すかストック置場に置き、公開したカードが「少女綺想曲　ー Dream Battle 霊夢」かレベル1以上のカードなら、次の相手のターンの終わりまで、このカードは次の能力を得る。『【自】 このカードがフロントアタックされた時、あなたはこのカードを手札に戻してよい。』Ｘは公開されたカードのレベルに等しい。（CXのレベルは0として扱う。公開したカードは元に戻す）"
https://yuyu-tei.jp/sell/ws/card/thp/10235,THP/S130-136S,PR,永遠に紅い幼き月 レミリア(箔押し入り)   （エイエンニアカイオサナキツキ レミリア）,キャラ,3,10000,1,赤色,2,2,"幻想郷, 紅魔館","【自】 このカードが手札から舞台に置かれた時、あなたは自分のクロックの上から1枚を、控え室に置いてよい。
【自】【CXコンボ】 このカードがアタックした時、CX置場に「「紅色の幻想郷」」があり、他のあなたの《幻想郷》のキャラが2枚以上なら、あなたは相手の山札を上から2枚まで見て、カードを2枚まで選び、山札の上に好きな順番で置き、残りのカードを控え室に置き、そのターン中、このカードは次の能力を得る。『【自】［(3) 手札を1枚控え室に置き、あなたのCX置場のCXを1枚控え室に置く］ このカードのアタックの終わりに、あなたはコストを払ってよい。そうしたら、相手に1ダメージを2回与える。』（ダメージキャンセルは発生する）"
https://yuyu-tei.jp/sell/ws/card/thp/10236,THP/S130-137S,PR,楽園の素敵な巫女 霊夢(箔押し入り)   （ラクエンノステキナミコ レイム）,キャラ,3,11000,1,赤色,2,2,"幻想郷, 博麗神社",【自】【CXコンボ】 あなたのアタックフェイズの始めに、CX置場に「「夢想天生」」があり、他のあなたの「少女綺想曲　ー Dream Battle 霊夢」がいて、他のあなたの前列のキャラがいないなら、そのターン中、このカードは次の能力を得る。『【自】［(4) 手札の「楽園の素敵な巫女 霊夢」を1枚控え室に置き、手札を4枚控え室に置く］ このカードのアタックの終わりに、あなたはコストを払ってよい。そうしたら、相手に1ダメージを2回、2ダメージを2回、3ダメージを2回、4ダメージを順番に与える。』（ダメージキャンセルは発生する）
https://yuyu-tei.jp/sell/ws/card/thp/10237,THP/S130-138S,PR,幽人の庭師 妖夢(箔押し入り)   （ユウジンノニワシ ヨウム）,キャラ,0,500,0,青色,0,1,"幻想郷, 白玉楼","【自】［手札を1枚控え室に置く］ このカードが手札から舞台に置かれた時、あなたはコストを払ってよい。そうしたら、あなたは自分の山札の上から1枚を公開し、自分の控え室のレベルＸ以下のキャラを1枚選び、手札に戻す。Ｘは公開されたカードのレベルに等しい。（CXのレベルは0として扱う。公開したカードは元に戻す）
【自】 このカードがアタックした時、そのアタック中、あなたはトリガーステップにトリガーチェックを2回行う。2回行ったら、あなたは自分のストックの上から1枚を、控え室に置く。"
https://yuyu-tei.jp/sell/ws/card/thp/10238,THP/S130-139S,PR,幽冥楼閣の亡霊少女 幽々子(箔押し入り)   （ユウメイロウカクノボウレイショウジョ ユユコ）,キャラ,3,10000,1,青色,2,2,"幻想郷, 白玉楼","【自】 このカードが手札から舞台に置かれた時、あなたは自分のクロックの上から1枚を、控え室に置いてよい。
【自】【CXコンボ】 このカードがアタックした時、CX置場に「「反魂蝶　-八分咲-」」があり、他のあなたの《幻想郷》のキャラが2枚以上なら、次の2つの効果のうちあなたが選んだ1つを行う。『あなたは自分の控え室の「半人半霊 妖夢」を1枚まで選び、舞台の好きな枠に置き、そのターン中、あなたは4回目以降のアタックができない。』『［(1) 手札を1枚控え室に置く］ あなたはコストを払ってよい。そうしたら、相手に2ダメージを与え、次の相手のターンの終わりまで、このカードのパワーを＋1000。』（ダメージキャンセルは発生する）"
